Synthetic_ID	Latent_0	Latent_1	Latent_2	Latent_3	Latent_4	Latent_5	Latent_6	Latent_7	Latent_8	Latent_9	Latent_10	Latent_11	Latent_12	Latent_13	Latent_14	Latent_15
SYNTHETIC_0001	0.209153844850242	-0.3379959841130868	0.7077692393544276	0.8766518034749731	-1.2072592872574979	-0.34583238908142644	0.8859056583680041	0.5465573690784165	0.9375139048314687	-0.5301450757312359	0.28999915794853626	0.9725611472397743	-1.4238128154879448	2.4445387939766388	0.2716765482407962	1.1165739087570576
SYNTHETIC_0002	0.0983672922563899	0.12748534130607825	0.20753683125335753	0.8675739003129319	-0.2838135571528106	1.5102771437621059	0.6505670773516565	-0.2841453445499555	1.2383827459628296	0.26031322185651096	-1.4910586588218628	-1.2896314425908346	-0.2750068633515031	-1.023275552046723	-0.021309443477214546	-0.574918233230875
SYNTHETIC_0003	1.0866362365025606	0.5065204582320934	0.10131383385006189	0.20781364297235766	1.4721025788673465	0.46996967779541887	-0.5963908896390167	-1.6041379168279413	-0.3547443562054395	0.16192461526755994	0.17723960987894327	-0.7456818364959565	0.4025023992949296	0.3919490851778373	2.40290418637749	1.2520698517311062
SYNTHETIC_0004	-0.32169481325329696	-0.3759868889848009	-0.1653790081981484	-0.05525063631820132	1.0330301164339963	0.9320998324555473	-0.2999571823846627	-1.5950575808070697	1.016023149333212	1.4254351727045076	-1.0949218141398402	1.748847768315004	0.744667505134628	0.14388770845553042	2.3259882872916298	0.783143328957879
SYNTHETIC_0005	-1.2317815164388395	-2.671657793315807	0.2559989643105298	0.6320248711207171	-1.8469670464844097	0.2878654385904519	1.494050774699976	-0.006219881204909654	0.7697763794058768	-1.2086007078632601	0.06883537307768164	-1.1845111481856578	-1.604066229589049	-1.8066254928817533	1.3015689210443264	0.18687328199873746
SYNTHETIC_0006	-1.4595647853059737	-0.3103124311590008	0.16056223079229606	-0.6141315352582486	0.5373583713898646	-0.031392439595320745	2.320211795256899	-1.4099077510619955	-0.36129602638629005	0.4130955354397324	-1.514976694635539	0.20816720548981255	1.5608238056641235	-1.0314131623150242	-0.4505094017048212	-0.5400269320436395
SYNTHETIC_0007	-0.5705545756557866	-2.1907196212007527	-0.023281924518304728	0.6381972442684773	-0.6607913951191171	-0.5164679526628735	-1.1672333863147188	0.5521483566238691	-0.7900657233993504	-0.3127344709735541	-0.1989336471599774	2.644660746595607	2.0833652239572933	-1.4099786864334636	-0.8763035736721035	-1.149061928186406
SYNTHETIC_0008	0.9059168750227091	1.065982256664922	-0.7933142146112578	0.6556374277402722	-0.6300659156955596	-0.16348863719402942	-0.5375364999853914	0.07758102251121356	0.6109662219346716	-0.2814356127542541	-0.8190409128732378	0.2938783059104154	-1.4850594792630958	-0.5490788483837663	0.09016492732767384	1.7463553996292998
SYNTHETIC_0009	-0.35931587570216933	-1.260289955117561	-1.0585476296910694	-0.46027804135922173	-0.6281531215564854	0.2795815616629661	-0.7987949677870243	0.9746187790516231	-0.04897060010094673	0.33433350693876485	-0.5059068318848751	0.5195719954269447	-1.6156155770943572	0.08729482165147778	-0.6757988987739498	-0.11428174482276078
SYNTHETIC_0010	0.5571837100059687	-0.7357101750179693	-0.6283323380371031	1.6165863008230876	-1.0971755676382948	1.1190306167705895	-0.7731149803049875	-1.122505138088913	0.05110744131077431	-0.009139890604721625	-1.530259264433776	0.5452661217097786	0.8065733824298288	-1.7240825249008758	0.9758128065190065	-0.405872388265149
SYNTHETIC_0011	-1.306740661277989	0.27263507861236097	1.7189841458191129	-1.4984841882855318	0.2342179864902758	-0.801257457484509	-0.020087244922857662	-0.6624252292433745	0.9432088300892473	1.9663099386930356	-0.34656902044837606	-0.6406271868099377	0.44473378887291215	-0.9921141642180072	-0.42874181749405726	-1.1323630368310715
SYNTHETIC_0012	-0.18716486914917776	0.5092893011404989	1.4097246820657259	0.27283353897341933	0.19383392228808305	0.36687209354565603	0.692780262872853	-1.2633096234992434	-0.9330011521193212	1.5115659236529395	-0.6118318346544052	-0.10556339925652777	0.32007414667731837	-0.4015818961607562	1.5351414318062337	-1.0230346055775608
SYNTHETIC_0013	0.7754179377557989	-0.07528995629506481	1.6432947408847645	-1.7949868715496162	-0.8886254057658962	1.620095354321489	-0.4515760621941511	-1.785069415635724	-0.8525787473408943	-1.5262067707202924	-0.5820360406555912	-0.7014128745461421	-0.809590571336561	-1.8144027992235756	-0.26989647004475775	-0.005286186113246799
SYNTHETIC_0014	0.9286153773668084	0.0835938951104998	0.7866515411126385	0.24967118656225823	0.9689375447927029	-0.8916792472217041	-1.6231429379855666	0.8944774130634773	1.3560328416243432	1.1999780154808195	0.7410070754755419	1.3871053166787624	-1.0827430065778432	-0.5166598075339086	0.03270314282564652	-0.6141887880528878
SYNTHETIC_0015	-0.11463238760770397	0.6187481691497155	1.3879486020990166	0.44281074087354294	-0.6860879100932437	-0.3585522374899474	0.6330394442454197	0.24719774925135224	-0.5501300344390715	-0.9223296616865231	-0.7680327876479494	0.005717722975514443	0.31190874237998123	1.2178864224048807	-1.3501621301186275	-0.6752044185523655
SYNTHETIC_0016	-0.7702682601552282	-0.5136426350630856	1.9175389249133603	-1.167878783030574	0.37529543741478144	1.975625081661273	-1.061699370820359	1.3396726685905673	-0.2523614146908111	-1.1096344752071887	0.1496941179990185	0.08418551917537863	-0.09829262947217858	-1.158750786501347	0.9945040045469754	-0.1656453309686021
SYNTHETIC_0017	-0.7117611254718654	0.19205047549715823	-0.1963367366747294	-0.1566163475346835	-0.747440931865696	0.027403395681575324	-0.7097444479418482	-0.5351532961797422	-0.7883435506981877	0.6122198597104364	0.4841209741924669	-0.6943739051440532	0.7227711970841098	-0.16447093760806045	-0.35422247961146724	-0.2711940028483206
SYNTHETIC_0018	-0.8321852021512797	-1.4780341213091852	-2.140460402662349	-1.4368681821409444	0.5033523343564575	-1.314612174762325	0.4269383400149088	-1.1022992140938763	1.2836474400661864	0.9258661494676202	-1.076925880433432	-0.9302682734317969	0.0483531420944609	0.14812001129046964	0.9327850563513669	0.5617805747999699
SYNTHETIC_0019	2.0025819855359597	-0.6810974751149692	-0.8408788051642818	0.3894330901856051	-0.03849530478940529	-0.27507606594968725	-0.3561957836726502	2.3293997781308575	-1.3537634421131641	1.087427190918632	0.7149594286445551	-0.1694199711313963	-1.6312788074259008	1.1821689157670632	0.21774485000605243	-1.1017307049148344
SYNTHETIC_0020	1.6237548618978717	0.24108783845392004	-0.4288472739013656	0.2833638398185132	1.7146006185407978	0.8333767279829203	-0.6976839160045225	-1.4907383780302037	0.8166337266806547	-0.38844560368924125	-0.10454538378787073	0.2706239987955893	-0.4377986445809744	-2.2276531787668845	-0.3997466604423188	-0.839207888452494
SYNTHETIC_0021	2.571852711513877	-0.7141452601056915	1.920865015257959	-1.641838374961996	-0.9036806199373519	0.7046626867441551	-0.45739854508719224	-0.9001692078039228	-0.1429716781774939	-0.1345635798098183	0.9244105524027124	-0.3802143235368736	-0.2613321795107224	-0.06217470918226865	0.4692886945783935	-0.529618385335443
SYNTHETIC_0022	-0.12848213037801368	-1.1147512928617636	0.3139464743759824	-0.542603300245617	0.23616594657538495	0.5325112365460334	0.962610170627105	0.42264771486949215	0.6345695328077914	-1.1075727255991443	0.3939417012035087	-0.6825539223049802	1.3609011437631768	-0.7718600161778731	-1.8044106196507086	0.4965361091337578
SYNTHETIC_0023	-0.7566894026349722	-0.6681756319372932	1.6383265087992402	0.07028208293245418	-1.617268709969117	-0.27142317588635473	-0.13609457569597927	0.13657019210871119	-0.8183555080774945	0.3639102920287893	-0.22912415191431687	1.0775162352027647	-1.325412655167177	-0.4687070139722209	0.150934035550081	-0.7156066713475984
SYNTHETIC_0024	-0.7901787769026067	-1.3831112521212554	-0.048289309908232485	0.34025082054715033	0.7324307384340542	-1.6313481157705838	0.14304916914375815	1.568706203782491	0.2037838238261647	-2.6805572851663273	-1.2761115856574579	-0.8591209484522363	2.5237167232395423	0.9991118415154404	0.04999399910419291	-0.7572075556068497
SYNTHETIC_0025	-0.37322946378168764	-0.4485428767417123	-0.42611756015686275	-0.7533733479566099	-1.3183982214143881	0.5870762839168114	-0.32510389688154034	-0.03994630231416624	-0.5528627544433983	0.6821449587751001	1.6677966714416272	0.631972659283006	-0.13727253883894636	0.29240102514054855	-2.450248599332894	-0.07642508792480822
SYNTHETIC_0026	0.3542545500647436	-1.2632492804673103	-1.0233691873033608	0.7633578318460256	-0.9329015937602327	-0.742742804270874	-0.5230359179797419	1.5810835459016577	-1.419634031853297	-1.3232697710851207	0.15262966370280515	0.6659758855900418	-0.6751145014120171	0.14463514918482928	0.706191961472952	0.7235089706715707
SYNTHETIC_0027	0.31007585395962595	1.5107676939266435	0.28790935756419317	0.6837260887333769	1.0963755397132817	0.9835733964729911	0.5839509307437771	-1.567136976260594	0.0006323728149262112	0.20355698102765554	0.3056895317524294	-0.3824080663397517	0.07961938479084825	-0.5724178084527054	0.01673848309146999	-1.1409004825173514
SYNTHETIC_0028	0.5118293101602326	-0.9532571161931671	-0.006797823176109847	0.9466422693967249	-0.15704462200873942	0.8026691153608332	-2.8672842979027195	0.6345630869300329	0.10863245735414141	0.7487770053959522	0.057029763091066686	1.4885605318050004	-0.2636599959594657	-1.12692726070652	-0.5931643206973363	-0.4429989290776869
SYNTHETIC_0029	-0.47199948310118933	0.486413186734222	0.7811305478629987	0.9369962879600858	-0.0729680506812028	-0.799979824689592	0.3181626118541199	-0.36963674806923824	-0.11990362988043045	-0.8366619140590358	0.14984758661165046	-0.5166890658667889	-0.039747452112607565	-0.6444060972972949	-0.8223768236161789	0.6318048494927362
SYNTHETIC_0030	1.0087285758603737	-1.0371386552944062	-1.0762698334255696	-0.5464785049340692	1.3867437439115433	-0.5502928054759881	0.30321171350581955	-0.2631110215325359	1.0812528556078285	-0.36756436482628607	-0.1018915589103188	-0.019341283626577093	0.13608190527427777	-0.2508579873004535	-1.2287325504822242	0.10500037303310684
SYNTHETIC_0031	-0.37414399935402937	-0.05768146396393093	-0.05378381784257031	0.9697854559763609	-0.2278405268101841	-0.49265281750900125	0.7140412252256546	-0.47660956603496446	0.27725116880565887	1.4949585543045019	-0.0025263183211265763	1.7214282977836788	1.5559977277832826	-1.2128489672469707	-1.2547396716804797	0.5732830264558954
SYNTHETIC_0032	-0.0021665572975521387	0.044790312194402375	1.8091021889339125	0.4898086155161847	-0.5394347146985057	-1.7398098579094803	0.5644514702304051	0.7200379055564728	0.6870504315039876	1.4691716731143052	0.7456529045332747	-3.444274404519651	-1.13763710441066	-0.2965660893112612	0.007972821864173543	0.8719695977871366
SYNTHETIC_0033	0.11736937047634484	-0.4643476781789858	0.6549846116800769	3.242431462741825	-1.9358889357054336	1.2846623596371813	-1.108831250391214	0.49246162188073384	2.041760630830676	-0.2866910383762024	-0.42522333073399643	-1.0714179355485043	-2.3862745271055266	0.027915653516851983	-0.011822290570614642	-1.9146204500258948
SYNTHETIC_0034	-0.5756702225297868	-1.0169047789323171	1.6211184191271177	-0.563628951840471	0.30409153209643836	-0.3660654353970188	1.6222408668151336	-0.29051670018565395	0.3088300029318811	-0.6438801290582976	1.0534753194538191	0.32023569528889395	1.0117221912735543	0.19934351146457313	0.15588290191184156	1.479545415361888
SYNTHETIC_0035	0.10881177630821631	0.047675908673805036	0.5139549839718748	0.18556095345036736	-1.7370310617252387	-0.6366301418408761	2.068832560378747	0.8381314457548399	0.47702057483177623	1.751808868319254	-1.2934330804635443	1.4298071115829631	1.5276285068380342	0.3430732936343338	-0.9903058614090292	0.4938927497714962
SYNTHETIC_0036	-0.628593171496217	0.4244584451425528	0.58780244578852	-0.18154694550404069	-0.2550024675342201	-1.0953604770623924	1.537366400540475	-0.21176920254329232	0.7210106022098612	-0.35691377250361944	0.4136895479086158	-0.6493610966632537	0.8735379195754117	0.8145179618192314	1.1043976664586894	-0.4704511136696396
SYNTHETIC_0037	0.8311227078874774	-1.494518458628966	-0.8596935813814404	-0.5886307779053079	-0.5023439078408843	0.3009715995016764	1.6255082787844821	-1.0861315914371712	2.014061566472547	-0.106678000780303	-1.4440232154610857	-0.8891428577689579	-0.242772208764438	0.38273807681780325	1.9921715347374065	-2.6991831471256567
SYNTHETIC_0038	0.09510718839121635	-1.1317203489955021	0.9486094657665324	0.25603308295762256	0.5645235861677069	-0.266743548601576	0.11866319516604426	1.0690133708159668	-0.40615714444449547	0.6617738844017038	-1.3325742781996082	0.24508726191565275	1.3488744217699595	-1.0898596503011155	-0.6325774429246409	1.7338127550364755
SYNTHETIC_0039	0.7082584516663647	-0.018392830731853365	0.15955353640114758	-0.2827117666085114	0.29465522486756834	1.1749028332536289	1.5927580186586094	-0.20833532406403915	-1.2291121614148437	-0.7336599716107722	1.2251095406097592	2.14386222194301	0.182603750454797	0.47072977766934687	0.49567412818207307	-1.2848891563576772
SYNTHETIC_0040	-1.067220828528219	-0.28625437428618516	2.0693309892042238	-0.16202291160765794	0.7840151508373918	-0.5844125100342076	0.7908671699151393	-0.34979297432497614	2.0679172412083475	0.3904156836078284	1.2616689910168648	0.34258929647805214	-1.764836302271026	0.03716566728262635	1.6029116283914346	-1.0576114651402237
SYNTHETIC_0041	0.056252069231217575	-0.16062781050890795	-0.09151937929721614	0.7976531167370727	-2.0963694228639667	0.5615472655832328	0.795068561745926	1.3236781693011677	1.162076725730509	-0.5395485795084609	-0.5838280633421008	-2.309037597070765	-2.3159651120183127	0.25920927658277454	-0.23328293423374924	-0.35551078778684353
SYNTHETIC_0042	-0.6495341457261259	0.04050489211552207	-0.13804393002820844	-0.27967719709286604	1.0501665521140497	0.8005892129089404	0.1405836262823519	-1.0487229234324353	0.8010205376182211	-1.9295715343359057	-1.4834302601462348	0.5128895975594102	1.047310413058474	-1.4619359409215298	-0.07980640986828072	-1.2705351514228094
SYNTHETIC_0043	0.7560406074195662	0.5659737922186436	-0.9704572411462633	1.8762508670462978	-0.5727239367186674	-0.3666669938914809	-0.9402434476371143	-0.4366479181511965	-1.096555901984311	-0.15343003699269245	0.21206167688925637	0.4619642030271547	-2.361532596603214	-1.4408958895025838	-1.4096158999409	0.923840463286517
SYNTHETIC_0044	0.8038349254418641	1.0985500377824797	1.5934864068366885	2.4882067890866937	0.965755614697686	0.983430603303799	-1.2025482921254527	0.8131239165820329	-0.25548159429555556	-0.7752929146151497	-0.008753980117812437	0.2769128143720973	0.9837516243383666	0.5535832485157789	-0.010139201829323322	-0.9014461133283014
SYNTHETIC_0045	0.3674554348462328	1.5406124561618082	0.5243840190730016	-0.569999970600461	-1.336264352438132	1.1153953326514685	1.7971563783091107	-0.5911574718684769	-1.564652459060389	-0.10062604893546771	0.6025764241980762	0.7627226834339176	0.6870024348581999	0.06591574899662736	0.07187937180275059	-0.7239079955294515
SYNTHETIC_0046	-0.1612967835241629	0.06054113438115047	3.0802899970805893	0.22391591093223123	0.32586379022076806	-0.44089341072423366	0.8979035750209321	0.06434457932243505	-2.132644060499476	-1.2640958393669162	1.4719054712712	-0.6898552109074195	0.4821925303447952	-0.4653685358007722	-0.30074612142664553	-0.6389101615756592
SYNTHETIC_0047	-0.07592939667321723	0.7365500485836607	-2.156877905945563	-0.46544604928659294	0.8250638975632225	-0.5733471892533218	2.0434678477496915	-0.4065413679454609	0.4387038633406785	-1.8397553701509426	-2.287056935267457	0.4088014413429103	0.49127833620848255	1.31971283227466	1.013510263081563	-0.5986770776469137
SYNTHETIC_0048	0.6582898149078916	0.6695245257987679	-0.1001497140720801	0.11368745012052386	0.3835336929087636	-1.0161569901636682	1.3860745872980016	-1.1260905369828471	-0.14385412137947204	0.48676115282233934	1.3155074829177953	-0.05398626441505049	0.1534263392768127	0.46363677799766856	-0.28980100838030404	0.82503034391412
SYNTHETIC_0049	1.1400351958759105	0.3871703622999574	0.07795318795432923	-0.45857689613676367	-0.1482894120000215	-0.8470667888891827	0.39413263835503304	-1.2754040695576887	0.1455162820461688	-0.41060317673532376	0.038664988264888525	0.4122637816867973	0.14751984551771358	0.029258009625907907	-1.065159432988237	-0.017577680757996914
SYNTHETIC_0050	-0.525462969763474	-0.8675200859713222	-1.674202531328128	1.4593255057412438	-0.0013546017215964265	0.13710398018933362	0.21781923023864874	1.1831953401675295	0.22730445635054616	-0.25916355054170603	-0.9785057712509416	-1.2145302975195937	-0.6543267081051782	0.0010268614850472643	0.3978169492843847	-0.42063630941571106
SYNTHETIC_0051	-0.7280491943847344	-0.15329008274986744	0.7899427064231628	-0.35037503757224	0.3321813740453711	0.7541202907605914	-2.047039872183231	-0.31849130177836793	-1.226415126473699	-0.9614229485673745	-0.26454956223219567	-1.574152751801248	-0.34153356097232657	1.3222262231365325	-1.4048513928709214	0.11781065050614617
SYNTHETIC_0052	0.2948907051222616	0.1619890847066891	-0.3622942974413019	0.535115428046561	2.0655753006402637	-0.6680005102521469	0.18420413102596997	1.3895305564710516	-0.7089685647059681	0.5646563997506855	-0.7105986672807959	-0.26323442140974834	0.9450596822090745	0.06700402941588082	0.5253423519352876	-1.1761023684999423
SYNTHETIC_0053	-0.6239218921872901	0.03194657056228934	-2.08202960769131	1.5686565156670351	0.45465455586414694	0.37184575972502304	-0.3368921027349323	-0.9033346929992065	-0.6519221641120115	0.940390576356114	-0.38556008256641616	-1.3381654596265409	-1.0387735372032807	-1.1320196701157086	-0.59847042157376	0.9865814532711401
SYNTHETIC_0054	-0.05934318454282647	-0.3792181859377887	-0.09703958656069221	-0.17012704415507168	0.47551869486163895	-1.113758492472711	-0.402075901175997	0.07748070406388978	-0.41919849354000055	-0.17723406014366738	1.2504183867761285	0.5549885375943487	0.04807568156433655	0.21607879466763197	0.8867510306665084	-0.5414004039444272
SYNTHETIC_0055	-0.8968936191575777	-0.007193304749731196	-0.11624561330416737	0.018656314204795448	-0.8647066776231843	1.2479355381032269	1.7313783993811867	0.3909371753747335	-0.6333383136394439	0.8257452364286815	-0.36112626388562574	-0.3224530134304448	-0.5187228673413842	-1.2732575502732189	-1.6578374796909563	0.5406034749306269
SYNTHETIC_0056	-2.4659409523707407	0.6411322645219064	1.1689877035161713	-0.12146046214754636	-1.4277609890542657	0.396001853157562	0.9574620986787924	-1.5153677701312878	-2.443281062069569	-0.47168291628059683	-0.6029876337569509	3.277815707462843	-1.5670266856025052	-0.8851979965011783	1.3584716199271634	0.5540467065181509
SYNTHETIC_0057	0.20277153874068016	-0.2355343941670671	-0.4563375705009442	1.0290985563528112	-0.1534521524426773	-0.1076735238982244	-0.16373681691150985	0.5481013836183225	0.20517255897439957	-1.3872890326237959	0.17020971928754608	1.4223787663720866	-0.35680345890756415	-0.6287834550427203	-0.15072067108333378	0.4986670781649957
SYNTHETIC_0058	-0.3267763391567088	-1.0470074876451698	0.7407320968780762	-0.4726740386723861	0.07538338400913969	0.2428592375717439	1.8800478525476005	1.7815325334444272	-1.7440421610369705	1.1185177233747956	-0.9907625940446517	0.9729305791303152	-1.3056875601876172	-0.24050630842458437	0.5041899340513775	0.2985416184796582
SYNTHETIC_0059	0.01847844181585479	0.977404048188445	0.09669798613880552	0.18749102679092317	-0.2924436995766347	0.0426221177602762	-0.7831021101233999	-0.5236228534862439	0.3196894196548139	0.6060830047884185	-0.044211924709574725	-1.307541117771666	1.1208384195819865	0.08517389759526092	2.241185231013765	0.10407394895713455
SYNTHETIC_0060	0.42356421936093686	0.6354091093860915	0.09375615102874822	-0.88111261936919	-0.011134889951431378	-0.5555359515078414	-1.4925572144750576	-0.5075323875326071	1.3258305616384989	0.6095515442148711	0.3258306356574499	-0.42242573392789234	0.2207239765240676	-1.6965740030312493	0.8566096291966719	0.3767021912125952
SYNTHETIC_0061	-1.7837976322236035	1.4276677594107958	0.42616171247357165	0.05797720328705808	-1.817231664850344	-1.8213546103408602	0.3491480445516329	-1.0460185471031955	0.7013379869683801	1.5232520360656998	-0.3088125146752203	0.548911980616648	0.24227974818099438	-1.6940807927609856	-0.4614712624229148	0.6774366771577572
SYNTHETIC_0062	-0.824071554396014	-0.447760478072612	-2.3290656432166403	-1.2315725464527663	-0.028817823689739026	-1.083624672232917	0.6071526921279652	-0.5870859896518669	1.2945996945899174	-0.3204348195571603	-0.6545239257503775	1.1161762172760807	-0.7252638029187651	-1.5439265590640179	0.05169576082075004	-0.9737515096664456
SYNTHETIC_0063	-0.5893086146025672	0.5457500398879024	-0.3220521817078382	0.11230581738625493	-0.13337844707839772	0.5982177459741544	0.6108403956001223	-0.3871620259609259	-1.006870921185487	0.017806880528059173	0.7205585420124564	0.2953173174303316	-0.3671414459855275	1.3362074446901893	0.7754460507189312	1.0768781298450254
SYNTHETIC_0064	1.0023186260855688	-1.8968619546893342	-0.05905981324272884	-0.7149645208541495	-0.7207120527582522	-0.36383569332895904	0.572857721843701	-0.16812707903528734	-0.19163957424162345	-0.0808508499262978	0.5315792851114146	-0.6148513565046999	0.5273918409968742	0.1495378392136194	-0.8200502481726734	-0.4113689693909696
SYNTHETIC_0065	-0.7270332603218177	-1.7074472004066468	-0.49317544398885454	-1.3404612909719418	-2.6656185486760533	0.680210716264794	0.6960137997611782	0.7661220509023696	0.12757526693139828	-0.577176959249609	0.11740934283747885	-1.1001165786805083	-0.49311194537813274	1.0305417855401298	-0.31844556605596525	0.13384487899071976
SYNTHETIC_0066	-0.07133191047497543	0.16110809918110505	-0.5025876987660188	0.7474632859905339	-0.24091082840578268	-0.3764381217183393	0.3734840118235634	0.08316657576073391	0.18271174069431625	-1.1185461812719972	-1.6442582288803775	0.25011996212156334	-0.29699300335505596	-1.8111853249551344	0.13929011670600192	0.9211955225401499
SYNTHETIC_0067	-0.5012077810071562	-1.5466331784147747	-0.7037895583897253	-0.11526170257062697	1.2126823268215896	1.6373317049768288	0.34958862441557875	-0.8899794945232065	-0.8585958335067494	-0.8316298439993433	-0.8677180802839191	1.1355848263192834	1.4965510269991305	-0.693660736457554	1.311266566300097	0.8242401125806756
SYNTHETIC_0068	-0.2263621494706782	0.2808665570590969	1.443606919584684	-0.6813336323323498	0.07211876388828016	-1.5564898671008076	-0.18568114749412126	1.9520246874992562	-0.5818235330571372	1.097713899957849	1.032940688633938	-0.07500584155824545	-1.1922079249560529	1.0469845578715649	0.6390334031328163	-0.5966396033824103
SYNTHETIC_0069	1.431158282720654	-0.1419108754719223	-1.1461579788976857	1.5022539583570353	1.935379623143903	-3.2017433667256534	-1.9673264097330916	0.5118952433336492	-2.1550015245306353	1.1581497922798254	0.334001693249358	1.7403972886357957	-1.694650373584983	0.17024543635119566	-0.20241937751313216	-0.00273550020475975
SYNTHETIC_0070	2.6124309103452092	-0.45786506060506876	-0.5583903323637687	0.6463123870016244	1.3810465214112118	0.3552736199720886	0.5574849699364472	-0.6862979517263188	0.9100060125217355	0.5534924958305554	0.8661712224203567	0.47116580108530604	0.5197772446046625	0.6289074537027214	-0.13687071928467934	-0.5712418138359447
SYNTHETIC_0071	0.9913790340754034	-1.0491548855379307	-0.18931377019892145	0.7086420760339083	-1.50884227451595	1.810631608875301	1.4621981266216788	1.3555332010866672	-0.630321704517446	-1.2907904088778501	-2.7424577032504125	0.11336812634617945	0.976564876318822	-0.740061873058849	-0.8489529568341784	-0.34089766264575
SYNTHETIC_0072	0.14436005803817817	-0.01937993598546618	-0.06524164804175328	-0.2426292690980153	1.0043668733744255	-1.411907523988291	-0.807721553540959	-0.7971481008533288	-0.41779270302615895	0.3066277913450763	0.16861010553908645	0.8956762059700798	-0.34214218044979455	1.0854571261373842	0.09228831910910126	-1.0685397362059472
SYNTHETIC_0073	1.9639336503394313	-0.1516950122649696	-1.3027896541635926	0.6670254226903483	-1.8362402398539124	0.8147360097377285	-0.8376489572193866	-1.867480508502787	0.9361272522962341	-0.05592159511574363	-0.6026916868502684	0.1402942333443939	1.096006797321554	-1.2545039779558098	-0.04120416641153014	0.8983685440961325
SYNTHETIC_0074	0.9345835191158458	0.7288652673883734	-0.7833668117748598	-0.36005210900833545	-0.2028993064468622	0.02714347333214808	0.9632822462499682	1.401266200888042	1.6615103542855343	1.7242499045621982	0.6352785662027313	-0.32131917718996217	0.09838186409160654	-1.3688635766975439	-1.0748089819456061	0.8260029960609697
SYNTHETIC_0075	-1.8579965031225782	-0.05654596910655309	1.1610994265858965	-0.7248173227387847	-1.013887283808295	1.0526422429450615	-0.7201425246157135	2.1680994543898096	0.8176640814015385	0.6758492265864463	-0.284018443395186	1.348761474847558	-0.7209402294338335	1.611393116040251	-1.2979154096164798	1.7791468330914093
SYNTHETIC_0076	0.044090080683713194	-0.3051236518118885	1.5781592735914265	-0.6892598189118149	-0.27339395395486366	-0.6677101362553753	-1.7744631340715895	-0.35721093324306363	0.7448319430311519	-0.11873542783090474	-0.1182215336906876	-0.2525824970464447	-3.0312023598055378	-1.2693685610272265	-0.9367035579885796	0.3176983281231316
SYNTHETIC_0077	-0.5806028175556478	1.611131850292785	0.24743364208582636	-1.0680152258505184	-0.7250462748216204	1.3455347832447317	1.7401456066398842	-2.145949687507193	0.9161026771892831	1.2105931221039472	-0.9290868247259805	2.5905388959759854	0.8813930067804312	-0.7527932247981292	-0.8061876748286044	-0.4771528661467112
SYNTHETIC_0078	1.106347297442226	1.343146298602069	-1.1823447443759245	-0.9198560897775017	1.0509184770869773	-0.7339596156461401	1.7982711957487667	0.4034052587959426	1.9527181937091742	-0.9257682997104465	-1.3314665153577847	-0.5657662573697458	-0.9977050110596574	1.9398689347978415	-0.3897451133416907	0.5129227034215842
SYNTHETIC_0079	-1.270566307941776	0.8413788946980324	-0.6945173771591904	-0.5565426133074939	1.2851312286816412	-0.2201543242205748	0.8346177492812418	-1.5570812187032221	-1.1942177317157447	0.05132082813363555	-0.7682321878680496	0.1557837565819516	1.8518919087843602	-0.5066721883436153	-1.0648946324638997	1.0906536019832538
SYNTHETIC_0080	1.1061974618456478	0.32064460008003937	2.293122329117751	1.3282249614803072	-0.6754370603339629	-0.4673009725787288	-0.902327225778466	0.1562495060374951	1.4068589997435992	-0.733226180623469	-0.6864574847496158	-0.7095232288558174	0.6017854603227323	-1.0985534743961711	0.520206964132185	1.0218990578826905
SYNTHETIC_0081	-1.3503738745012126	-1.531758353441935	-0.7174601698452462	-0.2105665103807236	0.9076112782686254	-0.812674242664509	-0.46517144617403505	-0.7500600024145224	0.39458243529249865	-1.4924647728712372	0.3904474215659015	-0.674717166286749	1.4819258696380273	0.4488117012308618	-0.30394006902472187	0.7701710862950812
SYNTHETIC_0082	-0.03888087033834427	0.0853127283648316	-2.49436120860318	-1.2002274689220291	-1.2954765214765065	-0.5010028252565092	-0.5265334183686521	0.6524570809189714	-0.3310674875795828	-1.5159214811527737	0.5075157578417302	-0.1236909514255649	-0.6033138264911301	0.5165984735878015	-1.4319874260973808	0.19380356512561003
SYNTHETIC_0083	-0.5672678757631411	1.6024295344087587	0.5984564520204657	0.9068136903331857	-0.3910187239098942	1.342237964786674	-0.9295496572350302	0.26108490469974044	-1.116790657606003	0.08206692455677915	-0.5352963496720727	1.39182763598489	0.5205480505518053	-0.03862091697338206	-0.7762991510741641	0.3296565296337537
SYNTHETIC_0084	0.20872699383834825	1.3229163528202015	-0.6009209803906382	0.8447026604634813	-0.6529755990464263	1.166486655142291	0.4181207095822729	-0.556673160041632	-0.11956608447039901	-0.7097594193490862	0.09954099394590839	0.8104891368385216	-0.584613829337792	-0.6593676772976461	-0.4136785220393842	-0.8909169156799283
SYNTHETIC_0085	-0.5601539571888409	1.3834403605301728	2.0473305540207267	-0.28048774036107704	1.0398213734693695	-0.6015308062776725	-0.04510898283891037	-0.21159416830031078	0.350086481466715	-1.4392420371502126	0.6370750567304305	-0.74608865222274	0.12929849342526836	-0.09540226827173928	-1.378744238358035	0.874135744690115
SYNTHETIC_0086	0.21265180305227005	-0.9721326318512139	0.11686956575057639	-0.27072913427196504	-0.1184633513134089	-0.4409491486439606	-0.7705327635857703	0.128598845391612	1.1471210797974396	-2.3202927586769198	0.5900973067484935	-0.2851141961493183	0.26299372308842456	-0.6411238015295849	-0.7732808808973791	1.8170790396366272
SYNTHETIC_0087	-2.862718003402935	0.9442683820623051	-1.5909230485481383	-0.9026271620261144	0.06805733570343775	-0.6388277046368007	-2.707294843421804	1.2385972014757445	-0.5103670029157622	-0.4305651596653893	0.8475568167464538	-0.982559159504014	-2.4876495285092766	1.4341063010888702	0.8460221293130835	0.36469505158319016
SYNTHETIC_0088	0.18553410042249888	0.36620871507708297	1.4687169843114882	-0.5561184164264478	0.359792590323892	-1.116919879455169	-1.4458478735810996	-1.3452752609665868	-0.16514360010330464	2.745376828805945	0.5461328927575341	1.2023293469931458	-0.16043964389269746	-0.8687031144014065	1.3582589800001095	-1.6719302522808526
SYNTHETIC_0089	-0.693189221628749	0.45693176929213286	1.5653953402513858	1.7666588512624923	-0.46858452161535646	1.3951987327508812	-0.24850028325454993	-0.021389316499405002	-0.38552052454716734	0.06392978014943083	-1.2781165540609887	-1.4106823045185575	2.426711751130525	-0.3375639752134238	-1.2242312778185453	1.253151569436013
SYNTHETIC_0090	-0.4568188383447454	-0.11957186802519072	-2.3266595477720333	-0.7977370421937039	-0.5022280201282883	2.0967169501788687	-0.13957925751918662	0.41242949452400374	0.7644445786870201	-1.0519246900588184	0.6057030531135984	-0.0793718117603504	1.4201624378198296	-1.3771788440815644	-0.7749441875869277	-1.6041461007092526
SYNTHETIC_0091	0.5629309633633977	-2.693899809158784	-2.075141524520355	1.2319238803778614	0.9207495075054689	0.044248628468582976	-0.3252029198205196	-1.0717007670507597	0.15899989197820616	0.5797465793048647	-0.5582041084242362	-1.8641622748423268	-0.3661520198877178	-0.7798828474686363	0.14311580666869594	0.34602297979799645
SYNTHETIC_0092	1.3722212381115133	0.07855688875034496	-1.5557998165744225	0.40012400669982645	0.07778635516849625	0.7619850558782341	-1.161974723643305	-2.0701693794005647	0.5229957448874761	0.9175223901667068	-1.4867954327632582	0.7379412520345529	-1.6070510168045007	-1.1683007143788022	-0.35870459105807156	0.11783781458330117
SYNTHETIC_0093	0.08667350272562978	-0.3934639706938193	-0.2724508353062106	-0.7945451599728279	0.5910433455812593	0.4871708225041869	-0.514337068519834	-0.246693305924602	-1.2664928122901622	0.62139901094466	1.3575180831032938	1.04720030054119	-0.07344091003720453	-0.8866374621048401	-0.20316996335750515	0.5406433207201513
SYNTHETIC_0094	-1.227928476984252	-2.671306371880939	2.0302770200114675	-1.2319059670004666	1.5352531982046116	-0.9869661594804544	-2.0109991576769084	0.8300786019869892	0.8507519144477939	-0.5416364557467018	-0.5142271001259522	-0.7157103505632804	-0.9551037334930732	-0.07776420418611645	-0.12574636107358117	0.4346907594582643
SYNTHETIC_0095	1.5833990804786333	-0.7239453000421499	1.464544552220587	1.9494241942132395	-0.012221233252969936	1.1550882196823473	-0.02628745696692345	-0.45483155961970667	0.1556899909864922	1.2143345213991357	1.8664184691470918	2.156215316339341	0.3450678755156644	1.710041827632826	-1.8903950861631444	-0.7443451440722745
SYNTHETIC_0096	0.016454032745929176	1.2891807018268666	0.8111955436630452	1.582597602852057	1.3359162514384484	1.2785126447684514	-0.69159051397059	1.6234577000278256	-1.7971816307075474	1.2926131361383844	0.036155494410522744	0.7051259889714336	-0.06903073224001022	-0.09766894089998238	-0.1534770839337071	-0.7104949970549922
SYNTHETIC_0097	-0.4183125328897975	-0.0127235080717104	-0.07122965409677158	-0.27912519154222243	1.9194643211895086	0.5417461601814305	0.40206467607816065	0.214540427241137	-0.05750787802071253	-1.3596579275131384	1.4017556817596466	0.7499769252947754	-0.35541373585087066	0.30529341896506645	-1.4529290939993686	-0.07603965040400334
SYNTHETIC_0098	-0.5305790033260318	2.036777535563585	0.15496410515390205	0.3472621027959441	-0.9123659870387133	-0.7880967042289495	-0.31809312900013975	0.18101928745431972	-0.29252713201683433	-1.7026524613058516	-0.34673549469577525	1.1962951927224055	1.1049328655076085	-0.3751017762905181	-0.08597207664815781	-0.07152133102325875
SYNTHETIC_0099	-0.45714239185665617	-0.7779187703367286	0.7586306971551153	0.8147793851899767	-0.11214681273979833	1.293906446518085	-1.359916352732522	-1.290607593049976	-0.8362866477473425	-1.5482463552098253	-1.1652867980673207	1.3007569441434041	1.7845778942892752	-1.2733487702081996	-1.580342925821029	0.7905575795588783
SYNTHETIC_0100	0.14176009129134665	-0.394029418319939	1.509309103689986	-0.25058293293799655	-0.21656102942291167	0.11660227721295563	-2.0744393537357926	0.648805257921541	-1.6894383110951687	0.5809000737413856	0.24645369232135936	-0.5498049935210971	1.8051638158332182	1.0170077629908034	-0.3676000836587714	-0.10482183741295012
SYNTHETIC_0101	-1.2987771046108025	-1.2799096429389407	0.2822708762216818	0.12048088667934456	-0.2517596039675492	1.1989448504443656	-0.46656365010414536	-0.1970189649665323	0.7300096443630533	-0.622985320300237	0.4058832760216766	-0.4783130644047439	1.3000983058206097	0.62079544599996	1.0264619883048265	0.0008475144664066357
SYNTHETIC_0102	-1.0289810751667938	-1.470013797879571	0.048613851202877166	-0.8419204172952162	-0.7372418134188068	1.043838110003343	-0.7924585932887765	-0.01653218037909363	0.8528900055643986	0.6123893379669328	1.2894761717856327	-1.4607684131903242	1.342526590379463	-0.09494314167386954	0.6454219140965509	-0.35484930262504005
SYNTHETIC_0103	0.6610814895411171	0.06413179312126874	0.6436593756627028	-0.9375147564001539	0.02821711519906208	0.13528854896065537	-0.14653261990953176	-0.574309305111794	1.2303637644942205	-0.8120633279938292	-0.35419797283625065	-1.9360130799336484	0.6162973908926108	0.6531751195286922	-1.4027123182649395	1.3421236686968672
SYNTHETIC_0104	-0.41685811519438876	0.9309593393527557	-0.13557444153561965	1.350587420470048	-1.0347692930759629	0.45749379037141125	-0.5422510651290604	0.4698280739074328	1.490623349898999	-0.040759362733558055	-0.5383056695446627	-0.14415299344686397	-0.7282551205228298	1.047768299513034	-1.2789720451897881	0.14833130973325087
SYNTHETIC_0105	-0.41818877250270076	-1.1360727835195732	-1.4243703834530494	-1.577096627585334	0.06255241931787536	-0.6001377721460032	0.9562706335042624	-0.02518337715949086	0.6575374044993418	-0.7300450323135007	-0.3552613113109218	-0.3859312312563627	-1.4490694248484621	-0.01101674811598588	-0.4712760895889894	0.23527634820877694
SYNTHETIC_0106	0.7016907540276531	1.9472419149001297	-2.8485192516519793	-0.03352203678150904	1.2016090943089401	-0.22466363251401328	-0.05619295660128602	0.12570530678142813	0.250888603764806	0.04328805125355536	-0.19467803889416918	1.0728447517875082	-0.16269058989678534	-0.11897766774454509	-0.4177375545406927	-1.1219458148045498
SYNTHETIC_0107	-0.7694961478676897	-0.31462846065221006	-0.8513575510524267	-1.3813816215437809	-0.21506090573652648	0.10186594940063819	-0.8943030011439418	0.38736292604767525	0.5495454464872583	-2.2898327898020656	-0.7097571979132521	2.331035679690211	-0.8374787253188124	-0.004143483234013221	-0.490479952293259	0.37340254097991743
SYNTHETIC_0108	-1.075677486636671	-0.33825271530845263	-1.0030025107661802	-0.567081862489862	0.2986056671065695	-0.5417013162302521	-0.5632405020352881	-0.49617656988510184	-0.3232935723259498	0.32394805306982244	0.1155615395187182	0.5671850764913512	-0.010431830902740588	-0.7187297613327256	0.5450502097753169	1.3350507800328488
SYNTHETIC_0109	1.098022518611132	-0.2556652956995777	-0.3115090883938983	-0.26251872696413875	1.7072294712481055	1.316375380856024	0.787147295928979	-0.4960905262415682	-0.26751016907119	-1.2605256624754795	0.8531078656700167	1.0336868096266874	0.7884574910206268	-2.9166864142232294	-0.20736885481298464	-0.6428418159609463
SYNTHETIC_0110	-0.8680643911668273	0.571328968752119	0.375536866237428	0.1781556491445845	-0.9639264527800325	0.564160213693674	-1.7765966535656128	0.9819536453987922	0.1727561141848565	0.4866868597094548	0.8533260385241935	0.36557560748708073	2.1888807875353864	0.04112593296187409	1.1752601926325164	2.263502209508764
SYNTHETIC_0111	-0.3715324900664427	0.8222330769056225	-0.5859704927349061	1.1142012497237486	-1.4935334054275629	1.3984247092653799	1.080395063644159	1.3514817104341714	0.11362684592186816	0.22041478449471694	1.8655483283215735	1.7724326260367302	0.22160940234338572	0.541559357491049	-1.419362310762913	-2.2207013532169455
SYNTHETIC_0112	-0.5945087926443504	-0.39801300398396633	0.013543355623075537	-0.03036397593422545	-1.7326871028608806	0.8333813919052521	-0.44653947924982895	-0.5992726378051786	1.5881773620015804	-0.6379395610030802	-1.5892782892590844	1.3277635553453866	0.1185821097554838	-0.5552889803720615	0.33120019243771176	-0.32585754007387624
SYNTHETIC_0113	-1.9005337182781996	1.6003125214876301	0.06402401563328854	0.34183791208301084	-2.2494369071683	1.1156925227476162	0.12744229845323146	1.3896893348390928	0.5226586049682594	0.12939560053850657	0.18104340533513308	-0.09795750858729133	0.6144060712416066	1.1713310791798832	0.007649857846819115	-1.0734248367675905
SYNTHETIC_0114	1.4264408454370392	-0.9498617879198832	-0.9057690748497873	-0.0582285159032627	-0.1605916704204152	0.042228499405044	0.8457214993166603	-0.6430274309221231	0.17668877803177493	-0.9256410303670911	-0.8909020434326629	-0.7626596244672998	0.4821608521656242	-0.3326213467164779	0.42179282033790017	-1.6565542472261396
SYNTHETIC_0115	1.266250122014399	-2.641522789538385	0.6740319405475369	1.0408270575159342	0.14217047400650656	0.5676200865708916	-1.4024641610510113	-0.6705926465340409	-0.4384179912890995	0.7746629093666807	-0.1810015626493012	-0.7642793529789172	0.4616213457319362	-0.28527767774062696	0.013212191434052783	0.10839502415511056
SYNTHETIC_0116	-1.1016308277255564	0.16436171974647754	-0.7781966927998712	0.25054580082549466	1.0054779393763962	0.446302964714549	-1.306456542680914	0.8536072771564153	1.4331001139900876	-2.43650064683581	-0.43104786723976124	0.7688468520533299	1.3572002411456776	-0.814584433580464	-0.25850035865274623	-1.1372572794360514
SYNTHETIC_0117	-0.48679751469087257	-0.7068842629806247	-0.8839196842165465	-1.2404653317814907	1.1994037051071913	-0.32149008301275245	-1.7158353509666402	-1.3815516457327492	1.8233971114533514	-1.4417023378726768	0.13121976499231724	-0.6308237019393872	1.1790364313198636	-0.06397077142420585	1.3372316348975772	-0.6952848829379522
SYNTHETIC_0118	-1.726845976039897	-0.7872680358415447	0.9309657913569251	-1.405234385184426	0.842289027674051	-1.2832892505104645	0.1423079479263685	-1.2409120720866518	1.066320783090433	1.3298239563237597	-1.356087686549118	-0.940740528326059	-0.5913590136880932	-0.25071861690451464	-0.5996989428570425	-2.241671040489132
SYNTHETIC_0119	-1.0577958408718757	0.7060434549053759	0.2740043558668271	-1.030649112986809	-0.7066121062053794	0.3411676966595482	-0.5105976987769208	-0.03005873489313501	-0.029077805453740585	0.534359735930212	0.2720435219262286	0.15330153312376352	-0.3070584535829516	-1.4970414787570752	-0.7447339602802009	-1.6680342008513693
SYNTHETIC_0120	1.3845801205272832	0.03736724876442898	0.6298684736996603	0.09184044827618489	0.4759468810759196	0.28110146354129584	0.8131534346829942	0.6330573843050182	-0.08707138193522254	2.334113507821456	0.40879999227544506	-1.004522599759253	0.37982692109277816	-0.12430040064775134	-0.020865617261584306	1.0248618403756888
SYNTHETIC_0121	-0.5743680965727952	-1.1371516463522382	-1.076518696117311	0.9071988117513644	1.8303441298497622	0.3221237023997763	0.7567474071986456	-0.034756501014256556	-0.49791184146500606	2.0051023984031815	0.9613563387350532	-1.7614648545394362	0.04372117749168509	2.028294329738509	1.4589283431542577	0.1574375136189682
SYNTHETIC_0122	-0.3314731756308829	1.1654599574765363	-0.3880001469427573	-0.09887012014998682	0.278277315107666	-0.5897896556442276	-0.22678009191892137	0.45302089348419367	-2.0476750444580962	1.2912094052675518	-0.12324477747645747	0.10217633633765665	1.2949158096479092	0.1317940909545231	-0.5902856277464842	0.3014187577386607
SYNTHETIC_0123	1.1049866777037995	0.6188595097954921	0.022342726809654472	0.4726459712745838	0.7561085102845824	0.7866168297058181	0.41904891206745404	0.04349836808890242	-0.10515759753354234	-0.7213776802815662	0.0700348964468726	-1.4227810515563672	-0.6113914904511956	1.213467164795829	-1.0397478739449904	-0.9033568822610747
SYNTHETIC_0124	0.3324335968445483	0.2891716397028079	0.7850123053522603	0.26679820267856075	-1.4452941969830773	0.6728476938575243	0.26953068922419915	-1.691092378769924	-0.601842363823192	0.56681275828188	-1.4487332719052182	0.9253619841514986	-1.0447065498875456	0.6196379006800574	0.7209182245898824	-1.0850531895102449
SYNTHETIC_0125	0.1519945266841909	-0.2414717546509095	-0.01788733418914444	0.8024380197732224	0.5115603963178852	1.3249351542928196	0.4507904162288609	0.4339875208393713	-0.1684555688654299	-0.08770768076497168	-0.07530371349692178	-1.1021560084368955	1.5192225321712352	-0.6356420621999413	-0.5783480518837173	1.096724065707586
SYNTHETIC_0126	-0.6613669303320912	-0.9144301725689246	-0.5614339074507549	1.0870617463610985	-2.4108335318992653	0.9644697241311776	-1.1028791980541433	-1.2862613143807908	-0.8154948955217148	-0.026737475010416678	-0.5997267226830698	0.6712114696701552	0.2535899349280427	-1.086993940207815	-2.208657744323125	-0.12951421467834942
SYNTHETIC_0127	1.0690525913194542	0.7572569692111101	0.5411373091507875	0.2248810806500497	-1.762837685181327	1.4428690084777536	-0.9855712364190521	-0.36516927176653535	-0.7131983916783722	1.2151930436517275	1.2652279175934584	-0.7801764648401024	1.5138631644552505	0.474560842441883	1.8665024862975803	1.20710358955078
SYNTHETIC_0128	0.1759814898124465	-2.1944932183093444	-0.6286666917768193	-0.8875652987044573	2.0236233465573665	1.307143545593153	-1.1719720246171206	-0.12369875278033611	3.1627818117258015	0.9601375289284754	-1.1560715461994706	-0.15971012525789272	0.6236335225037051	0.48010640142818606	0.6957635890388539	0.4049561348379275
SYNTHETIC_0129	1.4337824848499512	-0.873812767035999	-0.29919323757777827	1.2375004789321045	-0.6867804828569979	-0.1335568518670481	0.041042668181370694	-0.13100266301931648	-0.3020604892416612	-0.3168437548226758	-1.915117285522303	0.6303987328318598	-1.8626762616943395	0.04192558507816629	2.2533454734307683	-0.4038021870059704
SYNTHETIC_0130	-1.0853936133111453	0.7804365054256601	-0.6851380087271051	-0.2295839925515505	-0.01263203964017475	0.4077161125181223	-1.1038492593786529	2.3491446801085436	-2.263499321439102	-0.2087264020899833	-0.9652587619096936	0.4248293123086456	1.1015097648984795	-0.501862734456831	-0.20825819655216854	0.10579966735609658
SYNTHETIC_0131	0.6077271466522236	-0.10597645193678656	1.0544246151919607	1.5427628282062158	-0.16558273016372968	0.20255855688431904	1.2132177728317775	-1.1838843286856644	1.424690006240623	1.5120222977670723	0.3101357981362616	-0.49937018913422765	0.23862050784480487	-0.0878143821996467	0.9648710304942281	-1.4459724458867411
SYNTHETIC_0132	0.6161552506030258	-0.5951324777663799	1.4953434284135587	-0.8101183390942398	0.7517322685010428	-2.0624605756496366	-0.6899804471588414	0.12572667496915965	1.603709589188285	-0.4296128373182597	1.874455477467278	-0.26920846879665516	-0.392085261638615	-0.683907262190297	-0.9917152112552139	2.4156524979813168
SYNTHETIC_0133	-1.4812376320269263	-0.642930415305497	0.15391652821813567	-1.1412993677309462	3.1352655355994568	0.6121293883837127	-0.49030082259206714	0.8755320115570057	1.5317146879389358	0.949222897127571	-1.138199613963368	-0.8154760833237942	-0.7166724600629116	0.8963715733587022	-0.6038311076623726	-0.11853139692141341
SYNTHETIC_0134	-1.1310461647895742	0.13264544823306096	1.4079935502143353	-0.3842156204373542	-0.4498350041720408	-0.2865975284626157	0.6189077802163719	-0.5377947405880965	0.471917341225225	0.4888144009462644	-0.11552095115397083	0.8728413242230465	-0.20534677224329223	0.40665317344704777	0.6334556201407961	-0.45566290893632705
SYNTHETIC_0135	-0.3490880718098571	-2.083534364547265	0.07393313991092999	0.36943715899662444	-1.3486332891190354	-0.038979303029559834	0.8272857457822643	-0.1280320382793157	-1.2167119430416033	-0.7848579563987416	-0.8261397933920026	0.4491239009049935	0.5189099284723494	-0.4632730553542919	0.029836044615412418	0.540577261500692
SYNTHETIC_0136	1.021207113692695	1.4794737109881912	0.37488080936926227	0.4541168863724164	1.8832108073446527	0.6748645328937353	0.4653463237238265	-0.7925281815057656	0.823872284661976	0.9451248877694607	-1.5412920932568854	-0.46213265469272863	0.3222486952234252	-0.06157998744167924	0.4147594050903425	-0.7382289093561942
SYNTHETIC_0137	-2.0054351839410147	0.5296386895476366	-1.0977158913807281	-0.010009083710727564	1.1100424484937588	-2.473146122522397	-0.3945892857973806	0.47107369229761914	-0.7542908798247813	0.20268854008289422	-0.5641641081175618	-2.274557823252376	-0.6082795913701945	0.8728948264534557	-1.842065412424326	-2.31237368537725
SYNTHETIC_0138	0.12784515203783667	-0.8179660167113705	0.9442600989542003	0.9753974409041466	0.05016544441657521	-1.044600288878015	0.04762191577842336	-1.7344821401888033	-0.6191762241557156	0.41692021441045113	1.9766869013942459	0.35941936294077664	0.779005169555357	0.43970537068422244	-0.6646863420049315	0.4562121831792569
SYNTHETIC_0139	2.6142529225686024	0.927528623006242	-0.42660945628187597	0.022966111705646178	-2.3619113043055853	0.5959917308221567	1.2083995760930062	-0.39948212945136374	-0.4349260314364689	1.2052297191221868	-0.6091567753798107	1.5284070930627482	0.3309979014982444	-0.44609635842395035	1.0716455935566989	-0.5985965679431958
SYNTHETIC_0140	-0.15392653937763875	-0.6060370544627255	-0.6974096884325808	0.002980981447715884	-0.10816054974760764	-1.4398302993313956	-0.07577337700390768	0.40797487420986117	0.31468257556757684	-0.9477321952239931	0.6088036535807222	-2.011197174416285	0.2006460563926621	-0.6539606320289404	0.34416032790001244	0.5971771094476975
SYNTHETIC_0141	-0.6784307053676643	0.08110357124893261	1.9805925888561233	-1.3936014620323325	-0.38812239002787235	0.6183195672893512	-1.691346557296625	-0.4542539412128825	-2.189102355577612	1.235759193882331	0.37256667611793615	-0.16301766074756097	-0.5781748318645518	-2.864133192457057	0.5702698134477476	0.493928625361171
SYNTHETIC_0142	-0.5371749303702112	-0.43860818072118735	-0.5033902312229216	-1.1197592334695858	-0.4202873572481204	1.1994038092835742	0.29211320089680276	0.17701536356317696	-1.1358685523028658	0.671760668912766	-1.9588400808726856	-0.3934671530750364	2.0383706179678485	0.49049571889193366	0.5044400689017324	0.07426503481880174
SYNTHETIC_0143	-0.3589442772447488	1.2042256213424023	0.284519595317074	0.37338501291559756	0.3755768831447281	-0.6658478993961253	1.5329083605191691	1.1474429599937603	-1.7113482694966446	-0.29057410515373927	0.12557245546270307	0.5456595411183601	-0.6158996484432389	1.9410493303081677	1.2449659857646953	-0.3554321160037904
SYNTHETIC_0144	0.2652384837602763	-0.016055659592260726	0.5781670669158685	-0.10826049742694517	-0.9755134317623135	0.9325245432108777	-0.15350299975094306	1.2736679264340827	-0.7954609499182445	-1.4337672401984822	-1.850713020438034	-1.5670654792016991	1.007350627255905	2.0171161485038938	-0.2553118591710012	0.9908481692045895
SYNTHETIC_0145	0.15417690370362383	0.18614912413853957	0.2800657596799768	-0.9002572936463692	-1.688425465601465	-0.3496090466992696	-2.4309515449587042	-0.045345906076686315	-1.0177535032204648	0.5273698587511659	0.9512413875850542	-0.6460484698952993	0.25435735036623963	1.9177393991557599	-0.48521692626793056	-0.9552606412266742
SYNTHETIC_0146	-1.3213215909367142	-1.064199735268755	0.3919936993289935	-0.7227058739529632	0.6199451735159819	-2.0439581277080316	-1.5050782861920515	-1.170547968753781	0.8329500278301712	-1.4654265953773917	-1.0523775761793979	0.9149831873098735	-0.027757824997960784	0.4412795475262396	1.721086827758667	0.117822632860516
SYNTHETIC_0147	-0.47226254649654953	-1.0322851211751678	0.17964355582260536	-0.004952074398145255	1.3094146226246903	-1.3528158786091773	0.197639270557811	0.8275660470199958	-0.8150717257463024	1.6938195861297087	-0.4083658250301437	0.7252255224617005	0.9670885908215034	-0.9951829314214042	-0.2440617440717161	-1.6362357752076684
SYNTHETIC_0148	1.17908638890673	0.09322011607651892	0.22977597326598084	0.16713168396678446	1.641799794354242	-0.8454489414855585	-0.5493415353883921	-1.0414299976443662	-0.8038661859302408	-1.78008229098679	0.6177829479102929	-1.315946132286408	0.853213030874065	0.525083152090311	-0.11133261531279996	1.6565549711801313
SYNTHETIC_0149	-0.11505566130414784	0.5371837533854947	-0.4869248612618519	0.7120202782625584	0.711366389629347	0.14767931626818842	-0.9094246349183811	-0.4521590648371589	-0.03155677616273769	-2.6425572539680453	-0.5026373388391482	0.29981441513896984	0.28845081840356307	0.49922526406142836	0.5679248754013595	0.138073686562731
SYNTHETIC_0150	1.437435649105604	0.5698036719673302	0.28554707579218563	0.1329974644162457	0.9276606649615432	0.1769681742132532	-0.3980821786409801	-0.27583240337196036	3.7834515302465994	-0.46381339488744694	1.0455552356795408	1.4597016262396205	-0.6418782593338287	0.9160304003197226	-1.713152671759215	-0.05560918242112558
SYNTHETIC_0151	0.634957499101544	0.4982020349572655	-0.9865046240532729	-0.42611224087221816	-0.994337090037419	0.7187789363719672	0.4137151941028001	-1.4009480646956107	1.055147585001214	0.10456403875480781	1.0851782380226176	0.336239175870567	0.21189208050092137	-2.2040017544120047	-1.4128264297147373	-1.1686857409360334
SYNTHETIC_0152	-0.8878610951907626	-0.5315663253959744	-0.7301742199045803	-2.020973069623232	0.157174822678416	0.5940838083235462	0.9588052051500857	0.6756359590239647	0.08184599817131623	-0.5061937998761588	-1.825233307357486	0.10451467914393395	1.4111120693700119	-0.3524631341610195	-1.439052788740389	0.65205242453193
SYNTHETIC_0153	-0.15911400137103532	-0.9972107267034785	1.2387033524051436	-0.4157188738095157	-0.8971215281989001	0.9435582205892263	1.0439185577708792	1.215970762287895	0.8684112940623397	-1.3519055333564378	-0.8844070909936168	-1.626257897528286	-0.4040598825308217	-0.2150124920268405	-0.4529727191965331	1.1565797771745985
SYNTHETIC_0154	1.392380773243875	-0.03588668607814413	0.5498788929267225	-0.10944041157502242	0.5777939976111925	0.7563924725983489	-0.27489414019889186	-1.191860001421255	-1.08641021678913	-0.5123329557304006	1.4557361487834926	0.5010701173296364	-1.36390528827469	-1.1352634052059776	1.613654825898277	0.5016021673755736
SYNTHETIC_0155	-0.3719713205079723	-0.5071711243759179	-0.26281733121755246	0.2416212777217488	0.9664755604325113	1.1014988844852815	-0.2263728332808513	-1.1136002901588236	-0.7118371004999231	-0.82865945106414	-0.34772592579477485	-0.5465444635919378	-0.04618125518756282	0.5075163156966326	-0.32743059640792505	0.705531623634046
SYNTHETIC_0156	0.20611304642766984	1.421397318205214	-0.23029870465193314	-1.6781861040294537	-0.06343608859592466	-0.45324813495260774	-0.12487941328258216	-0.2512344871139351	0.2909677750982463	-1.7631504782938676	1.0762732215891733	-0.6352952376160839	-0.6422911027645642	0.5139801443547849	-0.03609039155214195	1.1992196320386057
SYNTHETIC_0157	0.6678476029294262	-1.2610275347268722	-0.8535096087839812	0.6005063750931918	0.6416060493891035	-0.40200404114283067	0.8776125250770486	0.7818282491336399	0.6076656885101466	-0.9616614275688774	-0.06104403733310232	1.9447949762163657	0.9871643566766807	1.4423765485939415	0.4736099915700821	0.7653478705234967
SYNTHETIC_0158	-0.37407372554379076	-0.9564662499785853	0.064571976194814	-1.7709512236473317	0.5109813701809629	-2.014643455458127	0.9292051604276124	-0.07852453801674586	-1.8695285927330214	-0.25547534136386824	-1.9215113622876656	0.22382171494404557	0.4950111878664722	-0.5930961230292275	-0.2382626151638716	1.167475282556368
SYNTHETIC_0159	0.08473699773635404	-1.069758234016641	0.4218400039762272	-0.7666572167648462	-0.6543548170520904	-0.26807726007507016	1.0729455463982152	1.237052924300551	-0.5389025987840315	0.7146372738768306	0.026364689418557196	-0.06760863736714952	0.31072488060078834	-0.5023487487958227	-0.2851228092849493	0.24585674849541583
SYNTHETIC_0160	1.1356229252264831	0.7778940740269251	1.7001537495115988	-0.015811221965266957	1.2943871121610981	-0.2214456292045703	-1.4999075888149982	-0.737381037748376	-1.5079023639082199	-1.2734546810930039	-1.4469524132549096	-1.2736563718200005	-0.05256104057139262	-1.5916765876411547	-0.08379589687167821	-1.2013876550123188
SYNTHETIC_0161	-0.37329158818939545	0.6761791689489159	0.20545221032794678	-1.4057263356187113	-1.7164000039898413	1.2497590566783783	0.9100306636273462	0.1708752511296329	0.134664763444943	-0.38865673777366383	0.45617059312574054	1.462457903668919	1.0114258277212926	1.9108315145394912	-2.853394439735488	1.8434796876156165
SYNTHETIC_0162	0.6367266862957487	-0.18750495192089828	1.0154181144217653	-0.8558480630577118	1.715282290003583	0.3835298347871874	0.10776650966965334	0.6546911190926806	-1.0564663234528062	-1.120611925574488	-1.3195971264047066	-1.9415982465782953	1.4222850964755565	-2.0015460198739192	-1.1829251071409608	-1.6923218795195816
SYNTHETIC_0163	1.7214353987228757	-0.5509448546190624	1.4892394852046962	-1.4721443393097848	-2.0680081398841406	-0.760979193617781	0.7126962148515833	0.1714549091162143	0.34410247917180814	0.46790940870556175	0.9744154761170747	1.2684073609679303	1.691715998737862	-1.9955806515746528	0.157398169693071	0.047507406465104894
SYNTHETIC_0164	-0.8413106912399932	0.03547270306894247	-0.12184096156032637	-0.7266165127571779	-0.047777479101271725	-0.8709996111052716	0.5095079791018357	0.2972779649947775	-0.60087100371492	-1.0750476740740598	0.23726304168734524	-0.5038458634872425	-0.09163490300113246	-1.2899504954644507	0.4749685466277134	0.39572913096430284
SYNTHETIC_0165	1.2800725915701752	-0.29997536150740767	-0.8461138771210993	0.272991972086066	-0.1433267663689484	-1.5183799009438932	-0.055743007627728894	-0.6597418716068449	1.3130159958865173	0.5542039492664116	1.668401275685448	2.240324258525821	-0.0740497684208715	1.3507416943662915	0.36320951624914255	-1.352900321020101
SYNTHETIC_0166	-1.0295149698246684	1.449609449855639	0.5847624256749535	0.8939440490637096	0.2074839202846983	-0.40954859098299967	-0.6663626727906455	-1.2865549386504078	2.3405612172570294	-0.07235193241981232	0.07883916493922416	-1.9151595410386708	-0.14505763639171065	0.9892899076372184	0.8613571620288037	-0.8783428001927622
SYNTHETIC_0167	0.2328575285869567	-0.395237958991659	1.7113690132083483	-0.4323416254793612	-1.136820616919083	1.2343823208179794	-0.4221158073515322	0.1805762288015247	1.3069886732272449	0.3050419497253066	0.6528542565142008	-1.15022689524169	-0.23656262548771947	-1.2129413330811676	1.1427268402144586	1.0864574315772704
SYNTHETIC_0168	-0.4099765245481482	1.8680321536262965	-1.0383831045326675	0.500294307067042	-0.68785151501157	-0.5673102642048478	-0.48718940838285274	-1.1911224225345018	-0.2967747709109689	0.2378778862969399	-1.5432823504273858	0.12668901612908967	-0.7547121711111257	1.6307303095406558	-0.46054519891508366	-1.5881912486373138
SYNTHETIC_0169	-1.9489987734607301	1.0225710709638902	1.6223893484659395	-0.5605356356083104	-0.6991858433406133	-0.8562080876106996	-1.2865207267611811	1.4767644166731637	-0.18836406576204393	-1.6685645746873752	-0.46544829663512277	-1.4567433044274085	0.8008783974423203	0.8005032066951423	0.5683576404120176	-0.12515248548357333
SYNTHETIC_0170	-1.090227176776981	0.673866290265596	0.49282471764603036	0.6239102737968595	0.27956536484216243	0.8826561125283539	1.0123599833313792	-1.7630892995002743	0.157426750000237	0.7725663305162325	1.2655772618380583	0.038315996540837644	0.9650560955897131	0.5376588996058049	1.0743279473361165	0.14199420532023338
SYNTHETIC_0171	-1.568541412566462	1.3034526716939863	0.3588762118555209	-0.24148577611641733	-0.7177530145404031	0.08677640196416195	0.5091840781003312	-0.2091845405727055	0.8293883676322935	1.9363322228028612	0.11051091665565783	0.030737475793125923	-0.2819643894014483	0.09015399090034401	0.8811648395201718	-1.2680724513397281
SYNTHETIC_0172	0.9196606524333163	-0.12116828738190849	1.9664015875871736	1.2783676612898018	-0.699918496491891	-2.069463139586341	-1.510042579938857	-0.9686455250700682	-0.0477441198657386	-0.4641301467700542	0.056544039822295306	0.267691662696299	-1.5452709741132438	-0.9427813831312204	0.5361628242734194	-0.97089753050909
SYNTHETIC_0173	0.2924414955225596	1.0478888849179755	-0.013756228024790906	2.079778516792307	-2.273285510013463	2.010682733769108	0.8844394543929921	-0.6038590162005567	-0.6399617841782524	-1.6593083260524153	-2.3752777863054413	0.27631053804751043	0.44742760623860606	-1.3387468072987156	1.0697979403171212	-2.002261876624607
SYNTHETIC_0174	-0.2290697198192991	-0.4128271090069517	0.054820119473585976	1.4465543651350972	-0.03323190605159761	0.4154999903326272	-0.19590063601453145	-0.9508179649745213	-0.006510168306813523	-1.0533422171595719	-0.31969680350640506	0.933767898262987	0.07697095122627584	-0.28508038727946045	-1.5796129895407676	1.1025518855891427
SYNTHETIC_0175	-1.2583694860575567	1.3155832537469123	2.114421785659318	-1.120213978590411	-0.6713882606048363	-0.8023331262375516	0.1881844386212389	0.32759486409977234	0.4151670418275773	2.8752522143455366	1.019445580690798	-0.862783943077986	0.9486871826781964	0.8936797321643609	-0.4664844463613155	0.3394483123432152
SYNTHETIC_0176	-0.49595587189206747	0.11597330952327037	-0.7914577926055499	1.4147503236014942	-1.6715906991019587	0.4215862731258214	0.3583964604934668	0.8931420656990466	0.3289867175737537	-0.587929156297628	0.08188889123922621	2.0703287391001597	1.0029437779895412	3.350885071156792	0.8264525319222336	-1.9617892792741112
SYNTHETIC_0177	-0.8170836292127874	0.2808643186486643	-0.08633186859106041	0.4674753007199928	-0.3362025704539575	1.3689527897990224	1.2384423395193649	-1.0358354696962293	1.2150381588772892	-0.6597041933858093	-0.3139886202513043	1.160343014262546	-0.37167188852407396	1.5683505160064277	-1.0480165730955195	0.1355378022623146
SYNTHETIC_0178	1.0057920769137099	0.4836005890265355	0.26228112115083463	-1.832918284761353	0.06061057073143662	-1.1353024843770112	1.2842726955412977	-0.1651622814409886	-0.27746062417893114	-0.44281865022339495	-0.15970629632653258	0.33289367363133787	-0.2841794561606011	0.5362139568006539	-1.9163681046334435	-0.447577697063113
SYNTHETIC_0179	-0.06019170963649442	0.3435875928705741	-0.30835333787934743	1.9796899894838946	-1.5614987005021295	1.0948657276329068	-0.6520439243365238	0.9637034008691701	-0.031199605952975502	-0.20266364868391842	1.0794022570697386	-0.9226921380817468	-1.0732672802055343	-0.3585757344982607	0.8702017956265529	0.9700997501982982
SYNTHETIC_0180	0.07134519618354714	2.487832960547322	-1.3251813991153616	0.06702223412402157	-0.6824062611426996	-0.36503504400643644	-0.29744655060430786	1.2653232107181518	0.48411110868496693	0.8282751849533659	0.4973910141065447	-0.5925687791250709	1.428504587448787	0.6001545461972925	0.7948805592140922	-0.985411593856784
SYNTHETIC_0181	0.24733026233189728	-0.2483139409446498	1.700943342658002	-1.3964668139307792	0.32039102549218745	-0.7941832838043021	0.4528469280377923	1.06241926331063	-0.4305663906701147	0.2899654562460837	1.0140283094274989	-0.2763623345138232	0.3083698939013107	0.30612574795445713	-0.18435116295250373	-0.1956551684686829
SYNTHETIC_0182	-2.156919005370391	-0.6126450567573597	0.6302665239045058	0.49741008422541083	0.5674933653991804	-0.7891419728273419	-1.0811256164643166	-0.15569342041938525	-0.624457221977329	1.2133588117534684	1.1717073501526614	1.398115895062519	0.4073880196032429	-0.11750845567760008	-0.36176525200929116	0.9400318877942015
SYNTHETIC_0183	-1.21591545589725	0.6804014162231145	0.9832916695772084	0.3304415817727616	-0.9765146003823666	0.978247759203874	-0.5030257871338384	-1.7877326793542845	0.7515397670480857	-2.39843842587807	-0.22133759541944595	-0.8713912080657416	-0.13978164280484653	0.1012914307363117	1.2414609397453908	2.5546542860475148
SYNTHETIC_0184	0.19230714686427783	-1.3611290058789418	-1.4909520564705063	-1.347302716276004	-0.8004769452518926	-0.10058101984208138	-0.813070775689703	1.0266166452715075	-0.5557171933422952	-0.4196805233709933	0.95969404589281	1.4157261007921862	1.040013735928137	-1.1150092159556344	-0.3240040086628756	-2.6762080299703404
SYNTHETIC_0185	1.2839405217237538	1.2392819162703206	0.2174487281980558	-1.5855431696322286	2.005229030257771	0.9496509863941429	-1.0557144234280176	-0.2277338812672749	1.8081762423345344	-2.2122946223385824	0.7438940477255137	0.4963651517583011	-0.12933579579445784	-0.42638211676680965	0.9851609394319231	-0.8702878082511007
SYNTHETIC_0186	-1.4219018387310685	-2.151140897609868	-0.21191402913653548	-1.6892414340007806	0.7596713069468225	-0.1982086713031932	0.5112553648231393	1.1457052479640828	-1.561310946665782	0.6721414348940968	0.25422200815759527	-0.9253093776391235	0.755679565769485	-0.718264002535097	-0.944663972594323	-1.1148057277672894
SYNTHETIC_0187	0.17242043564798212	-0.6068688337165515	-0.8469557332362152	-0.3949146042050908	-0.12680489100262046	0.6493854225889355	0.6059362735311026	-0.53265138071411	0.36488884093033214	-0.6051171916161198	0.9710428078565149	-1.280922091174984	-1.4444395546662534	-1.7487840309982325	-0.6486190093563208	0.7638087324344117
SYNTHETIC_0188	-0.5364672300966239	-0.09903504534042075	1.7314364565506415	0.7370705423400996	0.7437090685066096	1.4579991370906595	-0.18108563342067963	0.700771807530441	-0.2923224159795211	-0.7017964991067425	1.819864109079605	0.40993896985019895	-0.4457652912778802	-0.3109690889827553	-0.6160939337663767	0.17570061845679313
SYNTHETIC_0189	-1.7596543284829358	-0.2314444648314242	0.5227779640230676	-0.05246450898403599	0.6300639241718843	0.3998806059912959	-1.2069095559268745	0.2627454067747679	0.2578964856241091	-1.0684459466897513	0.07679186161880089	0.25526987370043885	-0.38831118991791863	-0.8395778815714019	-0.14972138257763679	-0.7868852811365995
SYNTHETIC_0190	-1.3234570765454747	-0.15717062435299153	0.7771195540450158	1.236822515396876	-0.15588776561587475	-0.5269242765108207	0.940808562203372	-0.9333712999184738	-0.135174024750066	-0.21427836460922906	1.483335220643063	-1.5823811029164474	0.7935615942646135	1.294468216119199	-2.5357514345122265	1.1710621766525016
SYNTHETIC_0191	0.18213702736966533	-0.4049540779253775	-0.2681038034721264	1.5605832656340846	-2.502651987604316	-1.2066914397727413	-0.18540483732979032	0.5080349444756115	1.5215210427617427	0.3954041757248408	0.5562838213776945	-1.0116414803793743	0.4632352830892718	0.5762917112291276	-2.986083377406794	-0.2970315705198988
SYNTHETIC_0192	-0.44111740756518386	-0.5098282793781295	0.6708828386031477	0.002247427652679712	0.6249960985596651	-0.3689090663414749	-0.4352861776852139	-0.37424479683447726	-0.3428086482732635	1.232006029668809	-0.5311261433968978	-0.001068072722020828	1.3159462195460745	0.40494373413325	0.7137637727985684	0.09677271072192581
SYNTHETIC_0193	0.35229800280477047	0.589432294475293	-0.9108255396781977	0.40856565935975653	0.9350001543410794	0.4999765035628856	-0.3323912748030422	-1.8756252014922479	1.0489960270443943	0.19397144413341702	0.7165002989534807	0.9577700625925689	0.513130691888107	-1.2182655269970846	-0.07591140289530235	0.6299986814590731
SYNTHETIC_0194	1.8449334781421987	-2.045214041093891	2.2011472187730328	1.5195052350661482	-2.180095560152619	-1.8395611073270186	0.572611317278408	0.1853485023870996	1.4337139378330395	1.039024917230046	-0.16055074795977575	-1.8663359873694216	0.7572535748798823	0.886821335172835	1.6207049837243241	-0.2792385924483033
SYNTHETIC_0195	-0.3872360206533772	-1.1959865518589334	0.5662334552560329	1.9204593255273126	-1.3174632881226909	-1.5538531336684736	0.7677941918099307	3.091402154015409	-2.1378694318824545	0.8645671363115675	0.6768786013381407	0.60940314855956	1.3303006894428868	1.5853251367533991	-0.2135230612235785	-0.7087662601271115
SYNTHETIC_0196	-1.3434806272022999	0.4365930517872009	-0.9969785732805665	-1.0727883799232918	-0.7431322470354337	-0.20085597550658812	-0.3030776895797918	0.7377120202284596	-0.2956201939163275	-0.41566924591943544	-0.10413086695389775	0.0669316526570409	-0.18953059527748542	0.635799748472716	-0.20091020325307282	1.3187829078375513
SYNTHETIC_0197	-1.0902140183228495	-0.5172705790376357	0.24030769018418402	-0.8501862868110677	1.4215487330451415	-0.1069195314830922	0.32951672327471826	0.9630967475463466	0.3714546119450735	-0.8840541312031546	0.7414365614252868	0.19542235342399644	-0.6550591446717097	0.1608120409647327	-0.08192403823503126	1.7594570505825025
SYNTHETIC_0198	-0.4890331800623788	-1.4103476822515666	0.6885893876331503	0.5672981689247144	-0.31599194812617143	0.2511074102086068	-0.8799702344603879	-0.40866982386144896	-0.6328380905286329	-1.6139730703643174	2.255464336181376	0.31424735650345703	0.6451956957633438	0.10670052025493316	-2.1542773466890015	-0.1923679528721574
SYNTHETIC_0199	0.5803410955414243	0.9927805330309127	2.4092337266641035	0.15632273426168083	0.7641182232526207	1.7240636046978337	-1.4743253289007001	-0.5511122032827082	1.5965862024804522	0.3768741626043499	-0.4580969399261306	-0.7203277096050219	0.4612331217194411	0.18797866564475865	1.2235421849516646	0.4111155634226351
SYNTHETIC_0200	-1.125223435844321	-0.726315719392528	0.5612256294767676	0.4697939693812968	0.18306188584222524	-1.268991638327125	-1.1405676621649268	0.6577409701560901	0.11319035219649023	0.5899421739324252	0.9772068502897967	1.9838107077294216	-1.2897646409302628	1.3306552741719935	-0.014082098927813768	1.8367624303446477
SYNTHETIC_0201	-0.2263950395665579	0.7719970663032898	0.6408497813134495	0.580951179718379	0.1786189776593083	-0.5903449343494618	-2.017114036062977	-0.7708269351314359	0.8454330501478501	0.9949378313178115	0.07911731626000773	1.652178873512467	-1.5719037797796696	-0.25447230809734916	1.463506691885913	-0.9406827587018536
SYNTHETIC_0202	-0.24661351627635636	1.632154167035783	-1.3925004482858392	-0.3993549903183759	-0.5853341044572501	0.3786784331722628	1.6537850824937654	2.576895404983006	-0.071545375739168	-0.6231257405023488	-1.9757254161159696	-2.1338100837944767	-1.1429350755173202	-1.6751445786100554	-0.086929087565454	-0.3187113187458503
SYNTHETIC_0203	-0.011044901436345206	0.09171116317297207	1.1445280480384583	-0.027855464397969633	0.06223477666172496	1.1476488575692632	0.2666615334167508	-0.1195547571194822	1.0408227002943313	0.2617303005838897	-1.5015754303928974	1.3028457741640296	0.4022632799170576	0.6234032321022854	0.9929623977186766	-0.9407263534924251
SYNTHETIC_0204	-0.05504350626968389	0.5272287831124287	-1.5778291139297902	1.164138835541737	0.6905427794485423	0.7311938051519878	-0.3182691346138612	0.18076490112267163	1.2447029867691008	-0.8667904327295596	-0.03102610320917083	-0.056575886430219255	-0.023227834758947578	0.1930525929623928	-0.09758124432638558	0.4503272785262435
SYNTHETIC_0205	-1.3244140159253324	-0.6079857435889577	0.6139424945577138	1.115864515406727	-1.8564842906947647	-1.2575624425637324	-0.7799616135440298	-1.1002770292912734	1.6515982865169567	-0.22264040924143622	2.161735212632522	1.5434480517562317	-1.9857196983621113	-0.9949296530007126	1.4297002384763695	-0.274671151666032
SYNTHETIC_0206	0.4944459117993145	0.9547972856648462	-0.04110187206391288	0.6548228157224072	0.46726802188530747	-0.4913738273614113	1.1436167590603517	-1.1412314920537976	0.6993273770941716	0.7175845701044474	0.1145020730522165	-1.1039338292657612	0.920102611743438	-0.11503755397245283	-0.09446283732696001	-0.20853006474702182
SYNTHETIC_0207	-0.6554823476530742	0.9418838516178512	0.044214003534071414	0.2266867888424364	0.8713955237361588	-0.0014365748713716373	0.805612488204195	0.18707684617782705	-0.19691525800455092	1.3218008088701338	-1.582697913100224	1.084725707111932	-0.21072041233132746	-1.847996915549434	-0.777723919842514	-0.755826116612633
SYNTHETIC_0208	-1.37131877190417	-0.778804592731849	-0.8242362153938526	-0.4711168600545064	-0.9815468468599634	0.6112272120342428	0.7214895756456405	0.8163202967750075	-1.1728078610689903	0.25583325533810775	0.7853906908095184	1.9625961700966823	0.22573832354708187	-0.5047453885061569	0.05702609276740158	0.3414918862266886
SYNTHETIC_0209	1.3984571624450988	0.8365888211171284	-0.4810063919508044	-1.3279729634010242	0.7286575930753241	0.6827743780473122	0.8147002294328017	-1.2545809841517461	-1.225228476342908	-0.9278950302703782	0.7744707673025412	-1.9678490784016007	-0.9175598980381622	0.45642740558828	0.1330492196718262	-0.04862523217766069
SYNTHETIC_0210	0.2705995944419793	-1.765654407457761	-1.5922981555178086	0.898555516340728	-0.11125689214159748	-0.3859361867886502	-0.3155548516610367	0.09551655385033303	0.5050143771541235	2.507359883504619	0.44468046461769584	0.49431454561158156	0.6179466059893767	-0.7559228323150712	-0.6831060611405054	-1.4604504518870367
SYNTHETIC_0211	-0.5281897257664624	0.507565915947929	1.0264807696708238	0.6145547124349594	-0.7831907371650785	-1.7707346519090097	-0.32484950779058436	2.2705212879406007	-2.5561585472384554	0.7269150515838916	0.3365959889925657	0.6456737047973468	2.2692720316510653	1.1073677059947824	0.25771380531297583	0.01307546168251883
SYNTHETIC_0212	-0.2915464512396341	-0.38191748857385016	-0.3610558757468687	0.21482239774563958	-0.24786497231602803	-0.3339868111889915	-0.2829893991268848	-0.6825244266378631	-0.19877315847166252	-0.5989516437722735	0.8038093164298677	-0.04388690152220043	-1.0918156988006837	0.7395009910407426	-0.8129330598679723	-0.15580297308171126
SYNTHETIC_0213	-0.9348976235898897	0.3118825562007538	0.3093501325312342	-0.993421522493799	0.834676960454204	0.6897939108398794	0.49199638464265827	0.5656627063559164	0.11907143025002169	-0.2451012687780554	0.8266865763911121	0.48724305831610176	2.439839195772448	0.7262278493945981	-0.07778381731626292	-0.7243430259858215
SYNTHETIC_0214	0.5719396888150136	0.9686559390792175	0.28534824772561557	1.0399311473917126	-0.154391133317743	0.30282712690449815	0.737967474342375	-1.2072693056197294	-1.1360683057532912	0.9596917879746395	0.798851111295645	-0.10247264156456691	-0.4808455839671514	1.053448419797807	1.7974118873843243	-0.21786951749039637
SYNTHETIC_0215	-0.4126617548038353	0.27089199916126633	-0.355324373368343	-1.346836024879064	-0.2941930214317429	-0.6661620021658743	-0.5906044852164408	-1.2933678752106232	-1.1540398693770275	0.2528087575130154	1.0322902449610938	0.3363284390873197	0.3457092591970098	-0.5476786472029365	-0.37361963016669714	-0.856962592212776
SYNTHETIC_0216	0.05691173860257785	0.7290613725758653	0.64004874374902	0.3272280207828912	-0.645968461681357	1.1989370943649547	2.078691025098816	-1.0869409442537865	-0.11510436774058898	-2.682131675153561	0.853832351113588	1.9370685569934063	0.35076751624321567	-1.6286753808968906	-0.389574771256283	-1.102787573035852
SYNTHETIC_0217	0.8759382394172904	0.11681015632910204	0.3820144783050889	0.4168925799021772	-0.2758387662907984	-0.8272158532250106	-0.2258519938290241	-1.157859330023165	0.9565581278617686	-0.46645763169097315	0.05235434567935109	1.1552505389002117	1.0808930081850285	-0.18838679853687257	0.5782222499483682	-0.05623386715483619
SYNTHETIC_0218	0.47960494410637705	-1.0163228008076186	-0.5315687591554472	-0.9124479997419381	-1.2350466219225094	0.4841666904074022	-1.147553895810076	-0.9898627853027547	2.2343614913223067	1.3765040556601795	0.0824343483596747	-0.5293294812022826	1.490597748546332	0.708088616393059	-0.9422200185095732	2.204876999044908
SYNTHETIC_0219	-1.2848350947526037	-0.37025024598734385	0.2413925755246819	1.6118653757904293	0.5547575224208436	-0.5618495561857249	0.3050582059918851	-2.820886304233111	-0.7862515728022705	-0.41034920052109264	-0.350096975104959	-0.03353940540941581	-0.5789329202199437	0.6440805063985876	0.8148072081006045	-0.7081543147923522
SYNTHETIC_0220	-0.6306388814647874	-1.6299165444791406	-1.2567922901147255	-0.10430157451429417	-0.8942015967924908	1.072944896057087	-1.4301795872166605	-1.8106505095487673	-0.5781121979846784	-0.826695972313486	0.6828421021474533	-0.600040959516864	1.1761084654157996	-0.1249246446973969	0.6896217286829297	-0.4440057908128351
SYNTHETIC_0221	-0.7567410739029745	0.6016802516705234	-0.48057193815602034	-0.8024588368028844	0.3912824657043696	0.8152392350800868	1.2254305738179023	0.3675473800133058	-0.09122053283551933	-0.06969329754656454	2.0059078195722844	0.227159149184612	1.0844855444799442	-0.2906283767527573	0.16103892559892216	-0.9870550330594327
SYNTHETIC_0222	-0.7365855022886807	1.5371775793390436	-0.5022305364610438	1.130415740309889	0.8788812405757407	-0.8309071454614597	-1.2463742242531235	-1.1377715962606443	0.1468935722049154	0.26510897671572414	0.3469476658194073	0.13407095049213502	-1.2016497538227187	0.7545812401078796	-0.5739778469707443	-0.8930217130875556
SYNTHETIC_0223	-0.0557191202571983	0.6777575041609161	-2.147476302897128	-0.22005680733294714	-0.7872868579876596	-0.3264845261542634	0.3240259139845802	0.6251887267345143	-0.30985477198009015	0.43954006783044475	0.3926766699646332	-0.12256147862446207	1.1756804200225295	0.929803674153185	0.2824537713356474	0.8007198370209222
SYNTHETIC_0224	0.38664755376631776	-0.26634056093270253	1.092836478758833	-0.4961950092017822	-0.5180125760218136	0.07139482950770465	-0.8593109063214653	0.9811756217735317	0.5131163362572168	-0.9421244832213932	0.21038740632253403	-0.3076858824231701	-0.03169760316208446	0.37520339411429465	-0.8507822510371619	-0.37325688577782085
SYNTHETIC_0225	1.0381793788534108	-1.4121193329258452	-0.3812497692093524	0.6935755114675389	-0.2096378373923451	0.2645594363377059	-1.423308699213158	0.8437092774434388	0.14843122775928175	-0.3068891109640339	-0.5445211548974805	-0.07133743464910633	-0.29538826129422857	-0.9785134914814917	-0.9327694354121426	0.15249713362498335
SYNTHETIC_0226	1.7229152646505035	-1.6144949427936917	-0.4815489045906182	-0.45083289400071386	0.12072535812398505	-1.3031482237358596	-1.1922086976099282	-0.4480001634946325	0.5400079441299933	0.48149878609963753	0.2290013634467876	0.19364536105372968	0.3727045000402625	1.1069399763697565	-0.4659966553105518	0.8232907987366144
SYNTHETIC_0227	0.9753661303560368	-1.0444985030824787	-0.4315672720168559	0.563683203092563	0.6671205546967159	-0.08973254020827616	0.03456077317920457	1.2409249492164343	-1.4218229957823978	-0.9435490379791106	-0.3547177194875545	-0.03127844661661359	-0.08334222081283627	0.22341255413046762	0.8672893377816656	-0.8989347078322657
SYNTHETIC_0228	0.7678732568383118	-0.3566451502458503	-1.2156447044052012	0.06824764961691836	-0.5891158971151782	-1.1646587958379486	-0.023885026951205715	-1.5301143659003442	-0.7416134712725215	1.3190872229308794	0.7316860931401981	-0.24149366808522962	1.5863515449729282	1.7633041504768576	-1.1824182367832339	0.0811689764029902
SYNTHETIC_0229	2.171101358183719	0.9860694122592759	-0.9843522446507985	-0.23006853608494812	-1.9813657795836204	0.9774970902600053	1.188244461867669	-0.9125425095773751	0.6337399389341497	0.1339176745428274	-1.2460666670221094	1.8009956780295675	0.7893205344508282	-0.6233605891947378	-1.599721161934341	-0.4409724033406735
SYNTHETIC_0230	1.1371415460132177	-0.5150094992485323	1.183382737908977	-0.2450604747537563	-0.813575799700812	-0.40286736104947574	0.6754033284977005	0.8764729953794155	-0.5176690303281466	-0.6618442499568472	-0.4441864877090316	1.2454005406639121	1.1383816421477777	-0.334432522580097	1.1174979188009202	0.2603780738063508
SYNTHETIC_0231	0.4850750708340199	1.2241938753697297	-0.19849971845217695	-0.4320995968720638	-1.675996142347584	1.0831485498749693	-0.23134537577056263	-2.1056171226017537	2.1636574182506236	2.080610924505023	0.2289915395826193	-1.640757045826196	-0.5007351944341644	-1.045314864341245	0.24397878556146171	-3.022172902361815
SYNTHETIC_0232	-0.8413152814426359	-0.43367034530272763	-1.559796933117014	-0.9404353291304454	-0.2503820652699753	-0.07641852546597763	0.5097026937938647	-0.32573652101939365	0.15870999009079592	0.015964281380567436	-0.9428582833064041	-0.3173734861029496	-1.05936920433073	-0.6793840845876252	0.12687618408872314	1.1123708813176858
SYNTHETIC_0233	-1.2970649839546764	-0.6817765731497268	-1.0379510983933817	0.3867370381942113	-0.14930112610111057	0.6795791182323256	-1.8787908190512377	-0.31773195674648336	0.658179602089199	-0.7962074759356306	0.7368193667765419	-0.9124846450498053	-1.4119016532355595	-0.5905847320893408	-0.5375813710234313	1.0455407914131198
SYNTHETIC_0234	1.983271514504377	0.271192417155616	-0.86115275417111	2.862535165319749	1.186445796215987	2.024068538276736	1.042875977725486	-1.2303131836290913	0.3490267780443888	-0.16664175775671797	-0.12675507087199753	1.9747639751314032	0.6540905268184373	-0.11015632068590196	-0.43126534788225473	1.2340941937382084
SYNTHETIC_0235	0.40782268286839024	0.008541083361865952	-0.6162355453309424	0.2602400188894419	0.9865042890057127	0.899682573926833	0.15777053303721053	0.04899667844299147	0.8791885977204487	0.47240694041097886	-1.9136366126367002	-0.4271400526244898	0.9004586495213474	-0.0748369994640164	-0.1776196885221445	0.173653323344737
SYNTHETIC_0236	0.7269466099218695	-0.41907742914264695	0.3476245331506108	-0.9322925982461123	-0.06147825227041662	0.9735694408456931	0.25705061168140914	0.4781190307106602	-0.6385525218628096	-1.927945191367434	-0.38220306734324255	0.4300168678207892	-0.4522170108746949	0.03944891114619254	0.29900059110381827	0.829438590290207
SYNTHETIC_0237	-1.37158951805956	-0.6259044549621587	-1.75279802495686	0.9850425745691875	-1.015815735532802	0.631228392387351	0.1873311992207571	1.5479962169321562	-2.7606474729791004	-0.28677383865943223	0.35384512517776934	-1.7705744133535433	1.0053034893127049	-0.5716581770597443	-0.019538837272645864	-0.37242761745456104
SYNTHETIC_0238	-0.7332369208757906	-0.02946276707944538	0.6823666147742039	-0.21609728705020356	-0.22596535773808954	-0.908986406240588	-0.10428919241513267	-0.2704109812319963	0.757710890119656	0.6824389636746402	-0.861933274174937	-0.8896394518803488	-0.2907730738118694	1.2696859179840374	-0.16134329013829563	-1.2330640283651135
SYNTHETIC_0239	0.4378809750143261	-0.2508722173192057	-0.5794049037930321	-0.7576733033282927	0.18646768792324717	0.48631111317120357	0.1253436045830727	-1.6769566769928987	0.40199714537408254	0.8904451189950191	-1.7515026812674852	-0.39477844861309286	-0.3406472458561563	1.1474736161212615	-0.9819866926389457	-1.2663653888347204
SYNTHETIC_0240	0.7903179397068689	0.07025164379447749	-0.4767625210010414	0.48417179304708835	1.3274234376348468	1.1186834015410203	-0.7484084653860272	1.1547920984302618	0.4073449178527304	-1.918891416415384	-2.772972155070715	1.9488507922647376	-1.5876580341175874	0.25781257466610513	-0.007001748857875405	0.04849800184032382
SYNTHETIC_0241	-0.08402939898477164	1.071810304377854	0.2721963416813307	-0.47998965439501656	1.243584183060836	0.49906521282811606	0.871051610903125	0.3550089281496152	-0.8227192685307017	1.4786730647770563	-0.35459922883420847	0.5393019909172432	-0.7380245802655858	-0.3166839579121604	0.2997563990387796	-1.0562222256715588
SYNTHETIC_0242	-2.673460663469301	0.1172791975107364	0.8152537520182415	-1.5797751713282755	1.0813534842551202	0.8465498167920601	-0.14413797315105345	1.1067944726474859	0.2727549184898773	-0.4035247746660804	1.4823082609480438	-1.2948949505811747	0.1711001605736891	0.4644375158249401	-0.7516150041195278	-1.5551861421336288
SYNTHETIC_0243	-1.343613532373588	0.0748297169720462	-1.6431741121230912	0.38383164998850233	0.01995945862003145	0.10616579082776106	-1.5267729912671306	0.2620199975629361	-0.7947110962533858	-0.2951254801654475	0.4173689758345729	0.7368134253575755	-0.17358609470278036	0.7937201097178134	-1.1347585006982792	1.3233680820835718
SYNTHETIC_0244	-0.151912446385061	0.4414154502639253	-0.8115478356191682	-1.28454603267303	1.2235802695142597	-1.5610397046037816	0.36534914022519	0.39262494260681613	-0.21040421593112638	-0.5989999007330846	2.013635498761122	-0.44039906957697655	-0.34163973894710115	1.023248111037611	0.8353586342548167	0.0024260077984702296
SYNTHETIC_0245	-0.28553448910374607	0.19674298408407817	-0.2780351986350997	0.9827695502049619	1.592559064117937	0.19295647491622778	0.5675851588788006	0.30898870015808166	0.2787146541368543	-0.06034820043984954	-1.16261147902486	-0.1078554229951366	1.0667132143794886	0.31949868671876064	0.9663615528774003	-0.42213156814231
SYNTHETIC_0246	0.6734759915735302	-0.3585314603282515	1.4627396809358968	0.19751457240907053	-0.18510859456314008	1.2797790489695	-0.6341690285984726	-0.5021346695941633	0.2805381443380653	0.04487285973323656	-0.5845892086265211	0.09398395046567082	0.09365378806548014	-0.6872972969440609	0.31983043287874935	-0.634132225172715
SYNTHETIC_0247	0.641082175594555	1.126779655956464	0.2739274967146917	-1.5370668298180463	0.36748489856244215	-0.8902416291709105	0.8847307851493996	0.08286270889414483	-0.7424448955795565	1.1166896853854267	-0.8383329669848048	0.951899477840861	-0.32873716751525023	0.2853757794538197	0.4273294829364953	0.7023073489591346
SYNTHETIC_0248	1.7759542143441256	-0.23158622936317172	-0.39798847686392985	-0.15254086261063504	0.8105511696719693	-2.3534129721858807	-1.5021701124319922	2.189616384301221	0.03057557845059726	-1.779110356197802	-0.610193405463348	1.2300007094362337	0.9539396205459483	0.25544174323872665	-0.1791584842387693	0.5636042508397748
SYNTHETIC_0249	0.3966238488735479	-1.1169321176547116	0.7497380059097658	0.8857568686410445	-0.5634337518496947	0.5151810934753444	1.311765527217837	-0.23175693647497442	0.9490233762560527	0.966505052130652	0.6023880053515484	-0.8419621403379113	0.10381141703902055	-1.0149500532313844	2.7187720554002657	0.23691143011799623
SYNTHETIC_0250	-0.05280278936216214	-2.5732127209407074	-0.008742105336316957	-0.46000041855615237	1.4136303622144732	1.6395331914369422	-0.07510048114938424	0.8862648609663468	0.7524604299356135	0.4307541424403852	0.08467551979471086	0.4240687243348734	0.4273939160737235	-0.14983223615705937	-1.8585379544528988	0.5842340114289936
SYNTHETIC_0251	0.04559956136994938	0.4909959657934322	-0.9416191083056892	0.6183021498678425	-0.2174073056281224	-0.39038072722012057	0.9168018405777795	0.4012875110415223	-1.2789657740833906	-0.9346923953815351	1.2471566953790427	0.13042714838912828	-1.4590648268691004	0.5160681680515837	0.7580612622926426	0.7177017435661089
SYNTHETIC_0252	-0.8918154791525308	-0.3468219082636478	0.35188260067995175	0.25274502851543834	-0.4579069473263424	0.36182919991218804	-0.2982752957822221	-1.0608719273993668	-0.2871592201112033	-0.5976918309489773	-0.8484634240347738	0.7035957195058175	-1.9361771916672432	-0.49873321884576205	0.34941863369141285	-0.9154446551635395
SYNTHETIC_0253	-0.0790115079616056	-1.778121729068291	1.2636813075301103	0.028249150110454785	-0.24262388985375402	1.706899277656242	-0.23091987599963953	0.958616829793977	0.09445523677526405	-0.2896408009475191	0.10944042003535161	-0.22471432982042688	0.027028528050914307	0.8908595116146227	0.3028503122841916	-0.3660073951954566
SYNTHETIC_0254	0.4216560891948189	-0.5691497476291035	1.0500483829434273	-0.7187044326560007	-0.0028945485374028135	-0.5110734295458065	-0.0880994324045272	-0.49787709401275265	0.6077542920657303	-1.900966237765224	-1.945221990273982	-1.6245189223889862	0.4714842357479459	0.3213089674213704	0.5434930170018898	0.36781348347527704
SYNTHETIC_0255	-1.5468846926051272	0.13849365176235864	-1.107615929778953	-0.928911040888705	-0.7812963423178853	0.08753950002104423	0.5877281121441921	1.1433467306076657	0.7027225247279469	1.4948879218059632	2.2023163221618063	-0.06422119970812877	0.1403442783809813	0.1543930435678688	1.8246511032886645	0.083448558595929
SYNTHETIC_0256	-0.1748677274568008	-1.6861876238838798	0.4735082557665704	-0.5205213872402564	-0.823005115014778	0.6285884587691742	-1.0064604553680951	-0.7808071984910243	1.2335461363299014	-1.9775361795603048	0.7499033221034312	0.16586815794440787	-1.2373034196661405	-0.8045730291264676	2.0456306087543195	0.5158145174086565
SYNTHETIC_0257	2.4937693313260145	-0.9922904260154998	-1.9462343150179053	-1.4157383272892412	-0.2680440845599939	1.304924438262793	1.3176015143234014	-0.28604725832912936	-0.30983381434779383	0.648957539884664	-0.1354857677788437	-0.8511962259116559	-0.1470742163385496	-1.0250498589680055	0.8667791458983803	0.6330960961673887
SYNTHETIC_0258	-0.8192289916799023	0.5404998433436335	-0.5627978731126059	0.3536521196051884	-0.6860536418879118	-0.4124157982161732	1.035881067072249	-0.08642850006911564	-0.7848060780481425	-0.7402309401185817	-0.5143912451767569	0.5856958951095035	0.8404104872482866	0.9267634053713784	0.3826787442301261	0.25438798558500975
SYNTHETIC_0259	-1.014770881081434	-0.20358851221571767	0.9287676976833088	1.3249834974351602	-0.4458181836214359	0.8440739692161751	0.08612469311541067	-0.7167785563471233	-0.7065209691858751	-1.4112171463514345	-1.2076497428053283	-1.6604413870097006	0.008815579000110966	-0.5364213014581417	-0.9831361479105133	1.533266035210953
SYNTHETIC_0260	0.6708727207684972	0.9738439505333775	1.5417399531467473	0.8317995125101917	1.6353769628706325	0.5744348820468969	0.9170904975779489	1.996718262540517	0.06013571606562592	-1.11002572890029	0.4049082191885007	-1.2042241295958038	0.10324244534438087	0.48173902603581015	-0.7571548505886513	-0.3104880488849863
SYNTHETIC_0261	1.206374289857599	0.1521770847456487	0.1054821997225643	0.2368589299904936	-1.1198795439703364	-1.4613113439317438	-0.9379170573952285	-0.9949684519255659	0.18476494437571933	-0.9002895919206897	0.5471292953317044	0.611346201920943	0.6417610363125231	-0.05258765561748015	-2.232573316466675	0.09052566939951405
SYNTHETIC_0262	0.3326800957330842	-1.44644679553533	-2.1799631761758875	-0.22491779370028459	0.6170540200304168	-0.4898484116774859	0.6312668740768428	-1.2660326533974247	-1.0648811971026397	-0.9251633364720909	-0.6317945843020228	-0.16169708841063304	0.3776028280923398	0.5095976656511708	1.403017427219819	-0.1450582628445942
SYNTHETIC_0263	0.38438828483797005	-0.9858281225320752	1.2187862841687713	-1.4556285126457378	-0.026007336120391317	-0.29745326522751286	-0.2813039654626437	0.014606738435087141	-0.9898185650093589	-0.19039208985427836	0.6793246858297953	-0.9120597340711605	0.6753150119095365	1.726711460936584	0.47320513033188516	0.8057400014110457
SYNTHETIC_0264	1.114449436477837	-0.36795575455443047	-0.0011074252589619706	-0.8976102261718619	-0.6626101718090066	1.5739772922132453	1.0027140752829815	0.679793687472134	0.08540894397084435	0.5309955749937458	0.036655834497723534	-2.101393035169162	0.45049610955292996	-1.2321555208011314	-1.0634669387590503	1.044728086301601
SYNTHETIC_0265	0.1692750916636249	-0.9388111160833374	-0.10100324207419828	-0.8724550935853904	1.3306016627512316	-0.9483738268826777	0.026640555044674556	-0.5456663279092151	0.4070169395892622	-0.1745391863207553	-0.4720261926777429	3.6087516847183028	1.0370607916075303	-0.3004275353699593	0.7195033549552272	0.16607502398819582
SYNTHETIC_0266	-0.016102663383725468	-0.1162446324154879	0.2935841664259634	-2.214746916706176	-0.8997210087380354	0.15637291781263032	0.4180489540759798	0.07235606212846114	0.6066126593705247	0.11203578085864913	-0.18135787866305553	-0.1303843669443622	-0.25652493316079483	-0.1138594819365454	-1.9127144815549204	-0.506106533170097
SYNTHETIC_0267	-0.39644989270337977	-1.9649809741988526	0.29816715091080914	-0.605000355745028	0.03739832324231589	-0.044227040998971026	-0.3828930187913072	0.31791816389005584	-0.12103441862137164	-0.6007080232200865	-0.18098199555788994	1.3556460437756879	0.2515275891589592	-0.5776049543939907	-0.14741579320714776	0.49858400608914805
SYNTHETIC_0268	0.6730696805547988	0.2568643021805263	-1.2350585992341911	-0.7620354294414453	-1.1427506907280347	0.4734317582914026	0.5561462490002589	1.0700581774265316	-0.03265234284255687	0.9645860477456937	-0.36656921064015785	-1.606974659902809	-0.9232366906067762	-0.6330324577181533	1.6933944524602085	-0.3621431233398559
SYNTHETIC_0269	0.4782944266660806	0.5693876279574154	1.2651641649943792	0.22156842389031042	-1.8985600501776159	-0.8051858608405904	-0.5143460828834363	-2.146169212004853	0.6675472115059172	0.9537945028963661	0.2878392655181374	-0.6189842791443215	0.41462391268387394	0.30779585677345134	0.37335242505853433	0.08787380419520893
SYNTHETIC_0270	-0.39755522832919193	-0.40385486869826953	1.0450622554742066	-1.2165163279874873	2.169291158484769	0.260294179665882	1.5619732588724629	-1.1124559773685196	-1.0953725040531346	-0.1564586042395259	-2.9374044784951603	0.625164451486508	0.23946746287043003	1.9206062684233955	0.29244428722411325	0.9969905591682912
SYNTHETIC_0271	0.6625219285190137	-1.0420560204030471	1.4478427375812628	-0.7092017659673275	-1.9284429761493953	-0.6492170687185576	-0.786125982837044	1.3123754212262864	0.4745584569227266	0.7820295770992703	-0.691222246218026	-0.06871225180507806	0.9523153149134042	-0.2052089677496929	2.12525314207847	0.5175015635174097
SYNTHETIC_0272	-2.0942057100791227	-1.1057612193853896	1.1902820550962292	-0.31233732151250754	0.15007802209922885	-1.3547174814980523	0.6837757165584437	0.25063099587619686	0.5868440047169451	0.9965048395556367	-1.755936245500104	-0.505375443381337	0.1284485465114627	-0.6071827376552158	0.3871315858919418	-0.2592701473946846
SYNTHETIC_0273	-0.49681901206948537	-0.7307061620432692	-1.5252557980766959	-0.8768002043588726	0.15582627800704588	0.15156622331434752	-0.26767608923498226	1.3034357567301234	-1.5161741376883213	0.8847748304472597	2.4758514201172033	-0.129528570598962	0.3285060734102167	-0.668477723634732	2.5120348095482825	0.13832904922130249
SYNTHETIC_0274	0.8859383968661892	0.7565940580684297	-0.6016072573052788	0.6021290063810755	-0.9399402342821628	-0.16730212602246303	-0.7542143891361777	-2.2541078528490712	0.062374368216356536	-0.5008432628459372	-0.337569034512145	1.9089666793478015	-0.4551416264218842	0.7999144929239543	0.05007093178337792	0.6629018007828368
SYNTHETIC_0275	1.0383542080286152	-0.3769030149604919	0.9004271831914704	-2.1083501910022417	-1.4249995523244687	0.2907226170202155	-1.1845053052301582	-1.5369125934207715	1.0245070082965744	-2.1492627606396804	0.9424570802889043	1.7880822879164187	-0.18002606589069048	-0.7075682062369327	0.33320124511700594	1.0919454951733192
SYNTHETIC_0276	1.6796140491053422	0.5860558337617409	-0.06835859478026492	1.7062987424559257	-0.2006690100152383	0.11112548830968129	-0.8995998054736304	-0.8710238894387426	-0.6829423937995975	0.9341351558299787	1.6173282042507804	0.0903423903549999	-0.3520256547703621	1.5269212800308158	0.49374976766484946	-0.48092117198753576
SYNTHETIC_0277	0.88893016301559	1.5427690653853285	-0.09007442827063258	0.28182066905817643	0.9675857808312581	1.236828274467762	0.955828332157934	0.2815126879063327	0.6424963179893055	-0.542875490997436	-0.624430028006113	0.10241794543456081	-0.2870632289515594	-1.2833588984019064	0.1382250366726761	1.327610333305224
SYNTHETIC_0278	-0.46221358989801425	0.3875418783748916	0.11724664466387444	-0.9017372399726943	0.8025747434026766	0.21332115681182262	-0.49371115620190786	1.4634471422205724	0.0274536472589802	0.4494069758758035	-1.0594990555549886	1.6580927850339982	0.865276305409318	0.3311057192184993	-0.9221326507607573	0.20100187778466636
SYNTHETIC_0279	1.1731098912235158	0.205606061593317	-0.5964818721915447	-0.12514130064047904	0.9356526300449102	0.4754972487146033	0.3500903661934857	0.6371033020138624	1.212508571756396	0.9672952214936823	-0.4565107251668993	1.0740263311271854	0.4775513232891603	-1.5849093941404573	1.4672544634733784	0.5470432023966465
SYNTHETIC_0280	-1.9084131972961484	0.027263475207301567	-0.28656396776585813	1.0124416846635418	-0.3848453956582526	-0.2573964610520823	0.6643223285285487	-0.4349010352857674	2.406165094504008	-2.0616136562003264	-0.7410716542417521	1.0888051324942418	2.0206091544790694	0.9977438504833197	0.9016813987357034	-0.10859124517462326
SYNTHETIC_0281	-1.074263499164944	-1.3162604298571947	0.02892055935295278	-0.15686883040543673	1.0451307155781275	-0.04903005205119679	2.277038906439722	0.16321150762305242	0.2307771939580096	0.9608133247909193	0.4049593129673114	0.03356774458614506	-0.3921889811048968	0.26768147277241566	-1.038990463516385	-1.1853776493462655
SYNTHETIC_0282	1.126967453749829	0.6266085715116313	1.6066843248574671	0.5886483403509626	0.4142566531350738	2.155490361988413	0.6862937664182505	-0.26669030585279263	-0.3960175331781123	-0.31033877231210444	0.42906884241218324	0.8140056438482917	-0.36759556616311795	-0.052700661835490055	-0.06754871516763937	0.42779282137943003
SYNTHETIC_0283	0.7142050379780879	-1.397803817804955	0.07346307930855037	1.0848189188322777	-1.3320823964441946	0.7758615726397375	-1.5786602354568673	-1.1966583803252246	-0.685393999816015	0.03552128405637653	0.5901046990125798	0.4283633494226928	-3.5853601761700293	-0.6221574104757477	2.1752161582437823	0.22811886438290077
SYNTHETIC_0284	0.9731557285313996	-0.07982046601326813	0.27692127737187205	0.23665058176161718	1.8876322296315289	0.5978052433899945	2.9608577891815773	-0.2926733796234049	-2.4588514284032605	-1.7733746588301273	-0.9143338579549691	-0.7825732864472963	0.1936125482573416	-0.15292397972160765	0.9712898599871991	0.9709267778818267
SYNTHETIC_0285	0.4338277269386497	-2.169228568375438	0.8486672960130632	-0.7569810620763064	-1.7502772357669858	-0.43902935683021477	-0.6049642736208616	1.0238387438798464	-0.4382229876012505	0.026058965524169808	0.25929912167109204	-0.457910597683911	0.35715439143743977	-0.09812002122526452	-0.22082210707889896	0.17525113743884146
SYNTHETIC_0286	1.2841685878859757	-0.35279893600426854	-0.4734672885242653	1.1479058269918636	-0.36251474039351533	1.2692282824901717	-1.5463397230889835	0.6365831246118727	0.10942338963441509	0.8453043067051207	-0.525020295828911	0.10352546684650611	1.93698993226184	1.7228866050477605	-0.19433186185989992	-0.2588090574642357
SYNTHETIC_0287	0.4255517428899846	0.845644872597395	0.18548898333097075	1.1140905065879767	-1.9898054441423627	-0.14333186441503437	0.08499257539335145	0.7156947177669215	0.8074422198878101	-0.6004168538865787	0.29420047193936727	0.6312353435877051	-1.1175350064381677	-0.07276807533854394	-1.0995800977319514	-0.9964858496182266
SYNTHETIC_0288	0.4548769097218162	0.3117751428172028	0.21074513404409853	-0.2194170495025246	0.38684915787998286	0.865671556310585	0.18036053542711805	1.3266682646276764	0.2586818027660196	-1.1206277489285932	1.0007380640895132	-0.8107454903143865	0.5473488738546631	-0.6282334631087989	1.6896026183228752	-0.6384095763077664
SYNTHETIC_0289	0.36940597615188736	-0.09498178614881542	-0.25998891606737473	0.375699187614413	0.4073045189782181	1.3715966932482746	2.392248070700242	-1.6436737379194535	-1.1179967239155972	0.8367229141039414	0.7813530812779361	-0.10422769964591473	0.14375224410061424	0.23596257872632037	1.39456671701506	1.2417563396369928
SYNTHETIC_0290	0.09143713229888169	0.48672075374501694	-0.1593828898618498	0.7139222060745857	-0.21366622485604797	-0.7579954813068055	0.6508839375461111	1.1775056805520039	0.09987179978931135	0.2994306183416494	0.36815524042235626	-1.6813433016352617	1.3264803201121087	0.7254675707568649	0.09201931104133926	0.46139800309518164
SYNTHETIC_0291	-2.564358982132912	0.5882167958142961	1.6815107985372175	0.7333541370025968	-0.5497596241649896	0.22058456778647864	-1.344728480154006	1.6692593595976843	0.5895536591605687	-0.7487946165291158	-1.4097773078206284	-2.005557415124774	1.9824463409440511	-0.36478413908240037	-0.24453916748379959	1.1832536422692004
SYNTHETIC_0292	1.9018350381453095	0.3995489341851158	-0.5265054615384698	0.5010653259424744	-0.2461734634675586	1.0062853361496709	-1.6675712953315864	-0.159807552608544	-2.3304056381187452	-0.7646732337188444	-1.0204249086481825	0.009274894094366984	0.37127888200772907	-1.689213615369402	0.4904034262690072	0.8388129111334558
SYNTHETIC_0293	0.7451229791658864	-0.850746794900893	1.3110851919929527	-0.3496964180964376	0.6893630080595067	-0.7669801314655107	1.8724172352658746	0.6897563545368287	0.012269714465341001	1.04694641202999	-0.027789296593702682	-2.613211059374783	-0.2236547898685947	-0.922448446703156	-0.8454188199358186	-2.071022115116692
SYNTHETIC_0294	0.2977002758694934	-1.6876698797513812	1.1849192870963785	-1.7049251077143774	1.2660930277620097	-0.4567250585036733	-0.692098068891388	-0.6188087442224118	0.5259337835168729	-0.9495577809530056	-0.22563855400504562	-2.343151618857112	0.5249962824857524	-0.7369691339580484	-0.3847725904755635	0.45396371283214315
SYNTHETIC_0295	0.3234811743104165	-2.4114585272377904	1.0439473549797909	-0.7541310173175954	0.41838004418750113	-1.708425693424922	-0.8980966186963442	-0.35375259542820703	0.15632455994945338	0.03876876147692533	0.9823912170410493	-0.9791820442131128	-0.9641496215322309	1.0986907175462273	0.845523056773696	-1.2030833632803017
SYNTHETIC_0296	1.2662772229029593	0.6195586375244752	0.06832421908515478	-0.74956925122905	1.0365433685604306	1.9820480453902372	-0.727116075861908	0.16064558443277902	0.4691563829426685	-1.0202981774565525	-0.5389048262576782	0.7707161383878262	-0.3581690227048589	-0.2322126338445938	0.4708586566873272	-0.3645739324439726
SYNTHETIC_0297	1.7599318443565628	-0.11285484594142921	-0.5453315780827633	-0.3886682996424545	0.21535941716403953	-1.7596774946511295	-0.28116913419003847	2.5729020466108086	-0.2769027861427806	-1.1250416175972673	1.2925241554268971	1.0694861738180212	-0.2971144350550971	0.17189677433684775	0.25423750385782534	-1.0408778243877421
SYNTHETIC_0298	-0.17107491737057018	-0.12049475628403446	-1.0393167296219095	1.5442303417885208	-0.32677425072938576	-1.7824273608366445	1.566378653245821	0.3322690671553342	1.4415892502120389	0.6123725181262223	-1.070029490991369	2.017659923028746	0.5478994989855948	1.3846287028521802	-2.5678733164919127	-1.8024355574722188
SYNTHETIC_0299	-0.5167506738487744	0.03583493425251257	-1.6195585689696048	-1.4494184964660037	-0.10165553069736745	-0.5347484644237971	-0.47127044912995014	-0.36855592298087714	-0.028198438427255824	1.211085055657457	-1.0211819284447603	0.9281643948418746	1.213899246751715	-1.4773970175326856	0.5040585802761682	0.07195354312195687
SYNTHETIC_0300	1.3158975345142732	-1.2819955156602911	0.41121956461587	0.6817291142090814	2.0071723085420174	-0.06916417902680742	0.10771522039105663	-0.437387660483569	1.420822037189883	-1.1287481846788485	-0.7944678029166506	2.531217981707683	2.290307554375661	-0.37989297262032606	0.9745812600673769	1.0790014966432118
SYNTHETIC_0301	0.0006974901758792753	-0.35191163313543683	-0.29435677976900876	1.1282340588731148	-0.26348460476698	-0.3303649907931585	1.694715404098263	-0.9234700062837138	0.07837704133830915	-0.28566945616819966	0.7642735833670787	1.3735353189817388	-1.2166712552005214	1.3464870582078394	0.03146246499830997	-1.8952110196283016
SYNTHETIC_0302	1.6816861529453018	-0.22646396247350742	0.7372324054562477	0.535530493852005	-2.387719952571412	-1.09617952987292	-0.6585011215948615	-1.0090276012985284	-1.7646606080039604	1.1597556340397586	-0.2908745565184901	-0.0704990982741607	0.09330707498068302	1.3248641288455663	-1.5318959527142366	0.09734383096735064
SYNTHETIC_0303	-1.3889606363601321	-0.485086702530435	-0.1540051025983331	1.3643921496237383	-1.3162170029997105	-0.5538433439513685	0.3558501972042628	-1.0975558101872525	1.0178318843004954	0.6209400980809225	-1.0284470239687042	0.6857353827459123	0.7027545465368048	-1.6100245961746495	-0.7405142202275573	1.4129215190547004
SYNTHETIC_0304	-1.1885321307075984	-0.5274012282344942	0.06394589336392319	0.160495630767247	-0.49429964559023926	0.1654743256130631	0.27414628583906187	-0.46918963654877827	1.8453775282154925	-1.3895473157179683	-0.7681286069935721	-0.28885776360066	0.6583582583408979	0.9541481947656718	0.07599350431062088	-0.6763632815866264
SYNTHETIC_0305	0.20601148240175482	-2.2913718384592285	0.31974714711502905	1.119957233133261	-0.06979360614899738	-1.3241866246801692	-0.7351303566246971	0.11855884260190246	-0.2559539844584591	-1.405583847593351	-1.3553879059224851	0.684698581213034	-2.7311316544113495	0.623178138635325	0.20941335581861156	-0.4349078887431093
SYNTHETIC_0306	0.31959976498569964	0.09454292153343469	-1.0754967499348402	-0.1701650960040876	1.3384315597989214	0.6836157189833149	1.266477750532644	-0.11566904750567178	-0.8850326569946163	-0.4202607449835493	-0.9415472629161094	-1.1362445991926002	1.356408522761856	-0.1309629935318326	-0.38557663513530094	-3.655949158169474
SYNTHETIC_0307	-0.4966639164232233	-1.850721842133021	-0.7742341837074633	1.4132632413385269	0.5658678538494474	-1.8649064678387646	0.4842515931635698	-0.8211404053806747	1.730614353974815	-1.6537561062863684	0.18289185570825073	0.6516609182095837	0.16241480833304536	-0.12587118182169327	-1.058402802238639	-1.6005539512010003
SYNTHETIC_0308	0.5264777437834892	-0.9545882976425927	-0.4316988508846594	-0.8667679810676595	0.6083939678847248	0.5879512451706226	-0.5889096401874577	2.5653176605690153	-1.6833360197410134	0.5008257662847359	0.2621235704695397	-1.4344077573960827	0.6012185486253744	-0.9976569069064626	0.7240279201618859	1.801911073036452
SYNTHETIC_0309	-0.4076431686615053	0.65587929508316	1.1672854148775902	-0.9924336939296174	0.9284849778387182	-1.092979519008248	1.6646283469795669	-0.03774598679085669	-0.4219611387444257	0.15619815798861755	-0.7805779889177467	1.0109597894302476	-1.0272565816103036	0.6141235578205106	0.24371685875525279	0.11095877395367063
SYNTHETIC_0310	-0.7357336959851861	-0.9460341501898399	-0.16839037025898387	1.5888373510512115	0.09041110215979352	0.04130182442850599	-1.2107251749639378	1.497773219748473	-0.29828058776363786	-1.4022712853337658	-0.31219324596007775	-0.3116285123008121	0.8080348536191978	-0.12863452726554456	-0.7650892095333075	0.09895013820914919
SYNTHETIC_0311	-1.2640956752490642	1.2321088965465183	1.0786151047594361	0.35536780400918083	0.028733992403671433	-1.374060383089622	1.0444042929689281	-1.5218100530387373	-0.47327543783209053	-0.7478564987691659	-0.7584538996811719	-0.6006309962120221	-0.7652320953457585	-2.1517783834839315	0.1039609389370421	-1.4021245968383953
SYNTHETIC_0312	2.5025805857425594	0.076433297763471	0.42065814658673584	-0.2102036313243424	-2.6761416519044863	1.3231834618653573	-0.04645969999968972	-0.7395147697865221	0.013892137846144192	1.4787388599513236	0.604207265911116	-0.43445091712522316	0.07188574022546486	1.3377305899846033	-2.265953509641043	-0.8981880173703946
SYNTHETIC_0313	0.4401406574187816	-0.14798000458760557	-0.6049887501068244	-0.5206780539340522	-1.270155365417438	0.1550794759814337	-1.3162148096650297	0.704220046782743	-0.49955041461222827	-1.4544910698331883	2.738307140873011	-2.1584665720886598	0.6551125404238713	-0.243897028458784	-0.5059317948632713	0.9881017199042578
SYNTHETIC_0314	-0.5291973826254184	-0.3431519327192335	0.8655528754667507	0.9227415448218853	0.29676556905921053	-1.5334358153816607	0.7521794575570309	1.2864381865702825	0.3638200211257886	-0.20120319600174563	-1.3446301587343108	-0.5762303776658736	-0.7741326936083092	-1.5764319235884006	1.0613991559351281	0.680315666943877
SYNTHETIC_0315	-1.5411126100089019	-0.970126450122104	-1.2643340540243986	0.8903270830900026	0.7034748482469214	0.9715411433753426	-0.3370113947831525	-0.22821710505073065	0.29811961495015776	0.07444774759376878	-0.15786707342254183	0.5901406084895531	0.414085680513358	1.6148976894049565	0.29500579969659757	-1.819838511887718
SYNTHETIC_0316	0.4816580507597306	0.7811981131400861	-0.44538295469031	-0.465392329988715	-1.1246230606755596	-0.3080057737081992	-1.865302874660972	1.0720410949287655	0.4243763150935376	-0.8000070906499878	-0.4095899891425493	-0.011949381808341736	0.6628086702814334	0.6634696269919284	1.4707676099130678	-1.9235382002828192
SYNTHETIC_0317	0.6556468661149604	0.1908683940279649	0.2539582296426152	1.8247735885686653	-0.776176858471835	-0.1448835687788839	-0.4392308693070622	-0.9850587556304146	-0.0960514389592954	0.5273347449066927	-0.48928710307089596	1.1387722307347454	0.37662392857149607	-0.34031213929905607	0.7535809216461437	-0.6077386363572996
SYNTHETIC_0318	-1.8890933547962119	0.7604793425966322	-0.3071354009535932	-0.8755806431411525	0.009531605219565968	-2.663397988485683	-0.4749113704288497	-0.625430040310898	0.34272220607408926	-0.22428248237902149	-0.19301502470211535	-0.4221347501407057	-0.5137570525325275	0.27146020271599786	1.0899852161865577	1.2588965867478255
SYNTHETIC_0319	-1.2550150511818976	0.9124355454447676	-0.10686694661184609	1.3399743638421917	1.4598253229743803	-0.32724113450503	-1.0686949787244493	-0.525308678182919	-0.943104631524537	-0.4973452632046068	-0.621797601014814	-1.212561085134488	-0.19773042559646578	-1.0111541540102393	-0.5183986084368105	-0.09971836826337174
SYNTHETIC_0320	-0.47134356789798626	-0.1221341312513561	-0.6000951013638839	1.9393614997332655	-1.4627204592582461	1.1143392899203326	-0.06829782594086807	2.567124903420239	-0.5492380080049882	1.4553677197426254	1.279373071614985	-0.6821126219078523	0.14486426754624188	0.16554737262177113	-0.7820253508917288	-0.8550897449333669
